Store,Date,IsHoliday,Dept,Weekly_Sales,Temperature,Fuel_Price,MarkDown1,MarkDown2,MarkDown3,MarkDown4,MarkDown5,CPI,Unemployment,Type,Size
1,2010-02-05,0,1,24924.5,42.31,2.572,0,0,0,0,0,211.0963582,8.106,3,151315
1,2010-02-05,0,2,50605.27,42.31,2.572,0,0,0,0,0,211.0963582,8.106,3,151315
1,2010-02-12,1,2,44682.74,38.51,2.548,0,0,0,0,0,211.2421698,8.106,3,151315
1,2010-02-12,1,1,46039.49,38.51,2.548,0,0,0,0,0,211.2421698,8.106,3,151315
1,2010-02-19,0,2,47928.89,39.93,2.514,0,0,0,0,0,211.2891429,8.106,3,151315
1,2010-02-19,0,1,41595.55,39.93,2.514,0,0,0,0,0,211.2891429,8.106,3,151315
1,2010-02-26,0,2,44292.87,46.63,2.561,0,0,0,0,0,211.3196429,8.106,3,151315
1,2010-02-26,0,1,19403.54,46.63,2.561,0,0,0,0,0,211.3196429,8.106,3,151315
1,2010-03-05,0,1,21827.9,46.5,2.625,0,0,0,0,0,211.3501429,8.106,3,151315
1,2010-03-05,0,2,48397.98,46.5,2.625,0,0,0,0,0,211.3501429,8.106,3,151315
1,2010-03-12,0,2,43751.94,57.79,2.667,0,0,0,0,0,211.3806429,8.106,3,151315
1,2010-03-12,0,1,21043.39,57.79,2.667,0,0,0,0,0,211.3806429,8.106,3,151315
1,2010-03-19,0,2,43615.49,54.58,2.72,0,0,0,0,0,211.215635,8.106,3,151315
1,2010-03-19,0,1,22136.64,54.58,2.72,0,0,0,0,0,211.215635,8.106,3,151315
1,2010-03-26,0,2,41892.55,51.45,2.732,0,0,0,0,0,211.0180424,8.106,3,151315
1,2010-03-26,0,1,26229.21,51.45,2.732,0,0,0,0,0,211.0180424,8.106,3,151315
1,2010-04-02,0,2,47450.5,62.27,2.719,0,0,0,0,0,210.8204499,7.808,3,151315
1,2010-04-02,0,1,57258.43,62.27,2.719,0,0,0,0,0,210.8204499,7.808,3,151315
1,2010-04-09,0,1,42960.91,65.86,2.77,0,0,0,0,0,210.6228574,7.808,3,151315
1,2010-04-09,0,2,46549.73,65.86,2.77,0,0,0,0,0,210.6228574,7.808,3,151315
1,2010-04-16,0,2,45025.02,66.32,2.808,0,0,0,0,0,210.4887,7.808,3,151315
1,2010-04-16,0,1,17596.96,66.32,2.808,0,0,0,0,0,210.4887,7.808,3,151315
1,2010-04-23,0,2,44418.11,64.84,2.795,0,0,0,0,0,210.4391228,7.808,3,151315
1,2010-04-23,0,1,16145.35,64.84,2.795,0,0,0,0,0,210.4391228,7.808,3,151315
1,2010-04-30,0,1,16555.11,67.41,2.78,0,0,0,0,0,210.3895456,7.808,3,151315
1,2010-04-30,0,2,45971.3,67.41,2.78,0,0,0,0,0,210.3895456,7.808,3,151315
1,2010-05-07,0,1,17413.94,72.55,2.835,0,0,0,0,0,210.3399684,7.808,3,151315
1,2010-05-07,0,2,47903.01,72.55,2.835,0,0,0,0,0,210.3399684,7.808,3,151315
1,2010-05-14,0,2,43675.61,74.78,2.854,0,0,0,0,0,210.3374261,7.808,3,151315
1,2010-05-14,0,1,18926.74,74.78,2.854,0,0,0,0,0,210.3374261,7.808,3,151315
1,2010-05-21,0,1,14773.04,76.44,2.826,0,0,0,0,0,210.6170934,7.808,3,151315
1,2010-05-21,0,2,44319.15,76.44,2.826,0,0,0,0,0,210.6170934,7.808,3,151315
1,2010-05-28,0,1,15580.43,80.44,2.759,0,0,0,0,0,210.8967606,7.808,3,151315
1,2010-05-28,0,2,44619.52,80.44,2.759,0,0,0,0,0,210.8967606,7.808,3,151315
1,2010-06-04,0,1,17558.09,80.69,2.705,0,0,0,0,0,211.1764278,7.808,3,151315
1,2010-06-04,0,2,48754.47,80.69,2.705,0,0,0,0,0,211.1764278,7.808,3,151315
1,2010-06-11,0,1,16637.62,80.43,2.668,0,0,0,0,0,211.4560951,7.808,3,151315
1,2010-06-11,0,2,47089.54,80.43,2.668,0,0,0,0,0,211.4560951,7.808,3,151315
1,2010-06-18,0,1,16216.27,84.11,2.637,0,0,0,0,0,211.4537719,7.808,3,151315
1,2010-06-18,0,2,44428.71,84.11,2.637,0,0,0,0,0,211.4537719,7.808,3,151315
1,2010-06-25,0,1,16328.72,84.34,2.653,0,0,0,0,0,211.3386526,7.808,3,151315
1,2010-06-25,0,2,45299.92,84.34,2.653,0,0,0,0,0,211.3386526,7.808,3,151315
1,2010-07-02,0,2,47077.72,80.91,2.669,0,0,0,0,0,211.2235333,7.787,3,151315
1,2010-07-02,0,1,16333.14,80.91,2.669,0,0,0,0,0,211.2235333,7.787,3,151315
1,2010-07-09,0,2,46752.12,80.48,2.642,0,0,0,0,0,211.108414,7.787,3,151315
1,2010-07-09,0,1,17688.76,80.48,2.642,0,0,0,0,0,211.108414,7.787,3,151315
1,2010-07-16,0,2,44339.2,83.15,2.623,0,0,0,0,0,211.1003854,7.787,3,151315
1,2010-07-16,0,1,17150.84,83.15,2.623,0,0,0,0,0,211.1003854,7.787,3,151315
1,2010-07-23,0,2,44763.33,83.36,2.608,0,0,0,0,0,211.2351443,7.787,3,151315
1,2010-07-23,0,1,15360.45,83.36,2.608,0,0,0,0,0,211.2351443,7.787,3,151315
1,2010-07-30,0,2,45833.77,81.84,2.64,0,0,0,0,0,211.3699032,7.787,3,151315
1,2010-07-30,0,1,15381.82,81.84,2.64,0,0,0,0,0,211.3699032,7.787,3,151315
1,2010-08-06,0,2,50031.73,87.16,2.627,0,0,0,0,0,211.5046621,7.787,3,151315
1,2010-08-06,0,1,17508.41,87.16,2.627,0,0,0,0,0,211.5046621,7.787,3,151315
1,2010-08-13,0,2,45475.69,87,2.692,0,0,0,0,0,211.6394211,7.787,3,151315
1,2010-08-13,0,1,15536.4,87,2.692,0,0,0,0,0,211.6394211,7.787,3,151315
1,2010-08-20,0,2,49754.17,86.65,2.664,0,0,0,0,0,211.6033633,7.787,3,151315
1,2010-08-20,0,1,15740.13,86.65,2.664,0,0,0,0,0,211.6033633,7.787,3,151315
1,2010-08-27,0,2,49623.53,85.22,2.619,0,0,0,0,0,211.5673056,7.787,3,151315
1,2010-08-27,0,1,15793.87,85.22,2.619,0,0,0,0,0,211.5673056,7.787,3,151315
1,2010-09-03,0,1,16241.78,81.21,2.577,0,0,0,0,0,211.5312479,7.787,3,151315
1,2010-09-03,0,2,49015.05,81.21,2.577,0,0,0,0,0,211.5312479,7.787,3,151315
1,2010-09-10,1,2,45182.5,78.69,2.565,0,0,0,0,0,211.4951902,7.787,3,151315
1,2010-09-10,1,1,18194.74,78.69,2.565,0,0,0,0,0,211.4951902,7.787,3,151315
1,2010-09-17,0,2,44681.64,82.11,2.582,0,0,0,0,0,211.5224596,7.787,3,151315
1,2010-09-17,0,1,19354.23,82.11,2.582,0,0,0,0,0,211.5224596,7.787,3,151315
1,2010-09-24,0,1,18122.52,80.94,2.624,0,0,0,0,0,211.5972246,7.787,3,151315
1,2010-09-24,0,2,42477.49,80.94,2.624,0,0,0,0,0,211.5972246,7.787,3,151315
1,2010-10-01,0,1,20094.19,71.89,2.603,0,0,0,0,0,211.6719895,7.838,3,151315
1,2010-10-01,0,2,45829.02,71.89,2.603,0,0,0,0,0,211.6719895,7.838,3,151315
1,2010-10-08,0,1,23388.03,63.93,2.633,0,0,0,0,0,211.7467544,7.838,3,151315
1,2010-10-08,0,2,46387.54,63.93,2.633,0,0,0,0,0,211.7467544,7.838,3,151315
1,2010-10-15,0,1,26978.34,67.18,2.72,0,0,0,0,0,211.8137436,7.838,3,151315
1,2010-10-15,0,2,43110.79,67.18,2.72,0,0,0,0,0,211.8137436,7.838,3,151315
1,2010-10-22,0,1,25543.04,69.86,2.725,0,0,0,0,0,211.8612937,7.838,3,151315
1,2010-10-22,0,2,42371.48,69.86,2.725,0,0,0,0,0,211.8612937,7.838,3,151315
1,2010-10-29,0,1,38640.93,69.64,2.716,0,0,0,0,0,211.9088438,7.838,3,151315
1,2010-10-29,0,2,44081.33,69.64,2.716,0,0,0,0,0,211.9088438,7.838,3,151315
1,2010-11-05,0,1,34238.88,58.74,2.689,0,0,0,0,0,211.9563939,7.838,3,151315
1,2010-11-05,0,2,46381.43,58.74,2.689,0,0,0,0,0,211.9563939,7.838,3,151315
1,2010-11-12,0,1,19549.39,59.61,2.728,0,0,0,0,0,212.003944,7.838,3,151315
1,2010-11-12,0,2,43194.49,59.61,2.728,0,0,0,0,0,212.003944,7.838,3,151315
1,2010-11-19,0,2,41443.25,51.41,2.771,0,0,0,0,0,211.8896737,7.838,3,151315
1,2010-11-19,0,1,19552.84,51.41,2.771,0,0,0,0,0,211.8896737,7.838,3,151315
1,2010-11-26,1,1,18820.29,64.52,2.735,0,0,0,0,0,211.7484333,7.838,3,151315
1,2010-11-26,1,2,45681.98,64.52,2.735,0,0,0,0,0,211.7484333,7.838,3,151315
1,2010-12-03,0,2,44405.02,49.27,2.708,0,0,0,0,0,211.607193,7.838,3,151315
1,2010-12-03,0,1,22517.56,49.27,2.708,0,0,0,0,0,211.607193,7.838,3,151315
1,2010-12-10,0,1,31497.65,46.33,2.843,0,0,0,0,0,211.4659526,7.838,3,151315
1,2010-12-10,0,2,46955.82,46.33,2.843,0,0,0,0,0,211.4659526,7.838,3,151315
1,2010-12-17,0,1,44912.86,49.84,2.869,0,0,0,0,0,211.4053124,7.838,3,151315
1,2010-12-17,0,2,49303.28,49.84,2.869,0,0,0,0,0,211.4053124,7.838,3,151315
1,2010-12-24,0,1,55931.23,52.33,2.886,0,0,0,0,0,211.4051222,7.838,3,151315
1,2010-12-24,0,2,59889.32,52.33,2.886,0,0,0,0,0,211.4051222,7.838,3,151315
1,2010-12-31,1,1,19124.58,48.43,2.943,0,0,0,0,0,211.4049321,7.838,3,151315
1,2010-12-31,1,2,35819.83,48.43,2.943,0,0,0,0,0,211.4049321,7.838,3,151315
1,2011-01-07,0,1,15984.24,48.27,2.976,0,0,0,0,0,211.4047419,7.742,3,151315
1,2011-01-07,0,2,43202.29,48.27,2.976,0,0,0,0,0,211.4047419,7.742,3,151315
1,2011-01-14,0,1,17359.7,35.4,2.983,0,0,0,0,0,211.4574109,7.742,3,151315
1,2011-01-14,0,2,39857.4,35.4,2.983,0,0,0,0,0,211.4574109,7.742,3,151315
1,2011-01-21,0,1,17341.47,44.04,3.016,0,0,0,0,0,211.8272343,7.742,3,151315
1,2011-01-21,0,2,41596.99,44.04,3.016,0,0,0,0,0,211.8272343,7.742,3,151315
1,2011-01-28,0,2,41651.01,43.83,3.01,0,0,0,0,0,212.1970577,7.742,3,151315
1,2011-01-28,0,1,18461.18,43.83,3.01,0,0,0,0,0,212.1970577,7.742,3,151315
1,2011-02-04,0,2,46829.12,42.27,2.989,0,0,0,0,0,212.5668812,7.742,3,151315
1,2011-02-04,0,1,21665.76,42.27,2.989,0,0,0,0,0,212.5668812,7.742,3,151315
1,2011-02-11,1,1,37887.17,36.39,3.022,0,0,0,0,0,212.9367046,7.742,3,151315
1,2011-02-11,1,2,47595.35,36.39,3.022,0,0,0,0,0,212.9367046,7.742,3,151315
1,2011-02-18,0,1,46845.87,57.36,3.045,0,0,0,0,0,213.2478853,7.742,3,151315
1,2011-02-18,0,2,49202.06,57.36,3.045,0,0,0,0,0,213.2478853,7.742,3,151315
1,2011-02-25,0,1,19363.83,62.9,3.065,0,0,0,0,0,213.535609,7.742,3,151315
1,2011-02-25,0,2,46165.25,62.9,3.065,0,0,0,0,0,213.535609,7.742,3,151315
1,2011-03-04,0,1,20327.61,59.58,3.288,0,0,0,0,0,213.8233327,7.742,3,151315
1,2011-03-04,0,2,53035.54,59.58,3.288,0,0,0,0,0,213.8233327,7.742,3,151315
1,2011-03-11,0,1,21280.4,53.56,3.459,0,0,0,0,0,214.1110564,7.742,3,151315
1,2011-03-11,0,2,48465.72,53.56,3.459,0,0,0,0,0,214.1110564,7.742,3,151315
1,2011-03-18,0,1,20334.23,62.76,3.488,0,0,0,0,0,214.3627114,7.742,3,151315
1,2011-03-18,0,2,45222.3,62.76,3.488,0,0,0,0,0,214.3627114,7.742,3,151315
1,2011-03-25,0,1,20881.1,69.97,3.473,0,0,0,0,0,214.5999389,7.742,3,151315
1,2011-03-25,0,2,44293.54,69.97,3.473,0,0,0,0,0,214.5999389,7.742,3,151315
1,2011-04-01,0,1,20398.09,59.17,3.524,0,0,0,0,0,214.8371664,7.682,3,151315
1,2011-04-01,0,2,46991.58,59.17,3.524,0,0,0,0,0,214.8371664,7.682,3,151315
1,2011-04-08,0,1,23873.79,67.84,3.622,0,0,0,0,0,215.0743939,7.682,3,151315
1,2011-04-08,0,2,48501.79,67.84,3.622,0,0,0,0,0,215.0743939,7.682,3,151315
1,2011-04-15,0,1,28762.37,71.27,3.743,0,0,0,0,0,215.2918561,7.682,3,151315
1,2011-04-15,0,2,44464.74,71.27,3.743,0,0,0,0,0,215.2918561,7.682,3,151315
1,2011-04-22,0,2,46544.56,72.99,3.807,0,0,0,0,0,215.4599053,7.682,3,151315
1,2011-04-22,0,1,50510.31,72.99,3.807,0,0,0,0,0,215.4599053,7.682,3,151315
1,2011-04-29,0,2,43682.41,72.03,3.81,0,0,0,0,0,215.6279544,7.682,3,151315
1,2011-04-29,0,1,41512.39,72.03,3.81,0,0,0,0,0,215.6279544,7.682,3,151315
1,2011-05-06,0,2,50139.92,64.61,3.906,0,0,0,0,0,215.7960035,7.682,3,151315
1,2011-05-06,0,1,20138.19,64.61,3.906,0,0,0,0,0,215.7960035,7.682,3,151315
1,2011-05-13,0,1,17235.15,75.64,3.899,0,0,0,0,0,215.9640526,7.682,3,151315
1,2011-05-13,0,2,44274.15,75.64,3.899,0,0,0,0,0,215.9640526,7.682,3,151315
1,2011-05-20,0,1,15136.78,67.63,3.907,0,0,0,0,0,215.7339202,7.682,3,151315
1,2011-05-20,0,2,44302.11,67.63,3.907,0,0,0,0,0,215.7339202,7.682,3,151315
1,2011-05-27,0,1,15741.6,77.72,3.786,0,0,0,0,0,215.5037878,7.682,3,151315
1,2011-05-27,0,2,45072.11,77.72,3.786,0,0,0,0,0,215.5037878,7.682,3,151315
1,2011-06-03,0,1,16434.15,83,3.699,0,0,0,0,0,215.2736553,7.682,3,151315
1,2011-06-03,0,2,47844.27,83,3.699,0,0,0,0,0,215.2736553,7.682,3,151315
1,2011-06-10,0,1,15883.52,83.13,3.648,0,0,0,0,0,215.0435229,7.682,3,151315
1,2011-06-10,0,2,46363.93,83.13,3.648,0,0,0,0,0,215.0435229,7.682,3,151315
1,2011-06-17,0,1,14978.09,86.41,3.637,0,0,0,0,0,214.9980596,7.682,3,151315
1,2011-06-17,0,2,42939.63,86.41,3.637,0,0,0,0,0,214.9980596,7.682,3,151315
1,2011-06-24,0,2,42415.81,83.58,3.594,0,0,0,0,0,215.0910982,7.682,3,151315
1,2011-06-24,0,1,15682.81,83.58,3.594,0,0,0,0,0,215.0910982,7.682,3,151315
1,2011-07-01,0,1,15363.5,85.55,3.524,0,0,0,0,0,215.1841368,7.962,3,151315
1,2011-07-01,0,2,45247.74,85.55,3.524,0,0,0,0,0,215.1841368,7.962,3,151315
1,2011-07-08,0,1,16148.87,85.83,3.48,0,0,0,0,0,215.2771754,7.962,3,151315
1,2011-07-08,0,2,44623.23,85.83,3.48,0,0,0,0,0,215.2771754,7.962,3,151315
1,2011-07-15,0,1,15654.85,88.54,3.575,0,0,0,0,0,215.3611087,7.962,3,151315
1,2011-07-15,0,2,43260.96,88.54,3.575,0,0,0,0,0,215.3611087,7.962,3,151315
1,2011-07-22,0,2,45113.56,85.77,3.651,0,0,0,0,0,215.4222784,7.962,3,151315
1,2011-07-22,0,1,15766.6,85.77,3.651,0,0,0,0,0,215.4222784,7.962,3,151315
1,2011-07-29,0,2,43191.02,86.83,3.682,0,0,0,0,0,215.4834482,7.962,3,151315
1,2011-07-29,0,1,15922.41,86.83,3.682,0,0,0,0,0,215.4834482,7.962,3,151315
1,2011-08-05,0,2,49359.75,91.65,3.684,0,0,0,0,0,215.544618,7.962,3,151315
1,2011-08-05,0,1,15295.55,91.65,3.684,0,0,0,0,0,215.544618,7.962,3,151315
1,2011-08-12,0,1,14539.79,90.76,3.638,0,0,0,0,0,215.6057878,7.962,3,151315
1,2011-08-12,0,2,45341.92,90.76,3.638,0,0,0,0,0,215.6057878,7.962,3,151315
1,2011-08-19,0,1,14689.24,89.94,3.554,0,0,0,0,0,215.6693107,7.962,3,151315
1,2011-08-19,0,2,46391.12,89.94,3.554,0,0,0,0,0,215.6693107,7.962,3,151315
1,2011-08-26,0,1,14537.37,87.96,3.523,0,0,0,0,0,215.7332258,7.962,3,151315
1,2011-08-26,0,2,47659.93,87.96,3.523,0,0,0,0,0,215.7332258,7.962,3,151315
1,2011-09-02,0,2,49419.75,87.83,3.533,0,0,0,0,0,215.7971409,7.962,3,151315
1,2011-09-02,0,1,15277.27,87.83,3.533,0,0,0,0,0,215.7971409,7.962,3,151315
1,2011-09-09,1,2,43315.85,76,3.546,0,0,0,0,0,215.861056,7.962,3,151315
1,2011-09-09,1,1,17746.68,76,3.546,0,0,0,0,0,215.861056,7.962,3,151315
1,2011-09-16,0,2,42963.96,79.94,3.526,0,0,0,0,0,216.0410526,7.962,3,151315
1,2011-09-16,0,1,18535.48,79.94,3.526,0,0,0,0,0,216.0410526,7.962,3,151315
1,2011-09-23,0,1,17859.3,75.8,3.467,0,0,0,0,0,216.3758246,7.962,3,151315
1,2011-09-23,0,2,43390.94,75.8,3.467,0,0,0,0,0,216.3758246,7.962,3,151315
1,2011-09-30,0,1,18337.68,79.69,3.355,0,0,0,0,0,216.7105965,7.962,3,151315
1,2011-09-30,0,2,46045.09,79.69,3.355,0,0,0,0,0,216.7105965,7.962,3,151315
1,2011-10-07,0,1,20797.58,69.31,3.285,0,0,0,0,0,217.0453684,7.866,3,151315
1,2011-10-07,0,2,49880.69,69.31,3.285,0,0,0,0,0,217.0453684,7.866,3,151315
1,2011-10-14,0,2,43306.38,71.74,3.274,0,0,0,0,0,217.3552733,7.866,3,151315
1,2011-10-14,0,1,23077.55,71.74,3.274,0,0,0,0,0,217.3552733,7.866,3,151315
1,2011-10-21,0,2,42487.67,63.71,3.353,0,0,0,0,0,217.5159762,7.866,3,151315
1,2011-10-21,0,1,23351.8,63.71,3.353,0,0,0,0,0,217.5159762,7.866,3,151315
1,2011-10-28,0,2,41682.4,66.57,3.372,0,0,0,0,0,217.6766791,7.866,3,151315
1,2011-10-28,0,1,31579.9,66.57,3.372,0,0,0,0,0,217.6766791,7.866,3,151315
1,2011-11-04,0,1,39886.06,54.98,3.332,0,0,0,0,0,217.837382,7.866,3,151315
1,2011-11-04,0,2,47313.62,54.98,3.332,0,0,0,0,0,217.837382,7.866,3,151315
1,2011-11-11,0,1,18689.54,59.11,3.297,10382.9,6115.67,215.07,2406.62,6551.42,217.9980849,7.866,3,151315
1,2011-11-11,0,2,44936.47,59.11,3.297,10382.9,6115.67,215.07,2406.62,6551.42,217.9980849,7.866,3,151315
1,2011-11-18,0,1,19050.66,62.25,3.308,6074.12,254.39,51.98,427.39,5988.57,218.2205088,7.866,3,151315
1,2011-11-18,0,2,43997.78,62.25,3.308,6074.12,254.39,51.98,427.39,5988.57,218.2205088,7.866,3,151315
1,2011-11-25,1,1,20911.25,60.14,3.236,410.31,98,55805.51,8,554.92,218.4676211,7.866,3,151315
1,2011-11-25,1,2,44259.59,60.14,3.236,410.31,98,55805.51,8,554.92,218.4676211,7.866,3,151315
1,2011-12-02,0,1,25293.49,48.91,3.172,5629.51,68,1398.11,2084.64,20475.32,218.7147333,7.866,3,151315
1,2011-12-02,0,2,45928.14,48.91,3.172,5629.51,68,1398.11,2084.64,20475.32,218.7147333,7.866,3,151315
1,2011-12-09,0,1,33305.92,43.93,3.158,4640.65,19,105.02,3639.42,14461.82,218.9618456,7.866,3,151315
1,2011-12-09,0,2,49357.43,43.93,3.158,4640.65,19,105.02,3639.42,14461.82,218.9618456,7.866,3,151315
1,2011-12-16,0,1,45773.03,51.63,3.159,5011.32,67,347.37,225.79,4011.37,219.1794533,7.866,3,151315
1,2011-12-16,0,2,51137.42,51.63,3.159,5011.32,67,347.37,225.79,4011.37,219.1794533,7.866,3,151315
1,2011-12-23,0,1,46788.75,47.96,3.112,2725.36,40.48,634.7,24.9,2739.43,219.3577216,7.866,3,151315
1,2011-12-23,0,2,65615.36,47.96,3.112,2725.36,40.48,634.7,24.9,2739.43,219.3577216,7.866,3,151315
1,2011-12-30,1,1,23350.88,44.55,3.129,5762.1,46011.38,260.36,983.65,4735.78,219.5359898,7.866,3,151315
1,2011-12-30,1,2,43539.94,44.55,3.129,5762.1,46011.38,260.36,983.65,4735.78,219.5359898,7.866,3,151315
1,2012-01-06,0,1,16567.69,49.01,3.157,6277.39,21813.16,143.1,1450.13,8483,219.7142581,7.348,3,151315
1,2012-01-06,0,2,44481.38,49.01,3.157,6277.39,21813.16,143.1,1450.13,8483,219.7142581,7.348,3,151315
1,2012-01-13,0,1,16894.4,48.53,3.261,5183.29,8025.87,42.24,453.08,3719.38,219.8925263,7.348,3,151315
1,2012-01-13,0,2,43353.09,48.53,3.261,5183.29,8025.87,42.24,453.08,3719.38,219.8925263,7.348,3,151315
1,2012-01-20,0,1,18365.1,54.11,3.268,4139.87,2807.19,33.88,500.62,3400.21,219.9856893,7.348,3,151315
1,2012-01-20,0,2,43753.43,54.11,3.268,4139.87,2807.19,33.88,500.62,3400.21,219.9856893,7.348,3,151315
1,2012-01-27,0,1,18378.16,54.26,3.29,1164.46,1082.74,44,11,1222.19,220.0788523,7.348,3,151315
1,2012-01-27,0,2,41556.23,54.26,3.29,1164.46,1082.74,44,11,1222.19,220.0788523,7.348,3,151315
1,2012-02-03,0,1,23510.49,56.55,3.36,34577.06,3579.21,160.53,32403.87,5630.4,220.1720153,7.348,3,151315
1,2012-02-03,0,2,54322.24,56.55,3.36,34577.06,3579.21,160.53,32403.87,5630.4,220.1720153,7.348,3,151315
1,2012-02-10,1,2,50581.06,48.02,3.409,13925.06,6927.23,101.64,8471.88,6886.04,220.2651783,7.348,3,151315
1,2012-02-10,1,1,36988.49,48.02,3.409,13925.06,6927.23,101.64,8471.88,6886.04,220.2651783,7.348,3,151315
1,2012-02-17,0,1,54060.1,45.32,3.51,9873.33,11062.27,9.8,8409.31,3402.66,220.4257586,7.348,3,151315
1,2012-02-17,0,2,46085.47,45.32,3.51,9873.33,11062.27,9.8,8409.31,3402.66,220.4257586,7.348,3,151315
1,2012-02-24,0,1,20124.22,57.25,3.555,9349.61,7556.01,3.2,1219.92,8143.59,220.636902,7.348,3,151315
1,2012-02-24,0,2,47080.12,57.25,3.555,9349.61,7556.01,3.2,1219.92,8143.59,220.636902,7.348,3,151315
1,2012-03-02,0,1,20113.03,60.96,3.63,15441.4,1569,10.8,25390.88,8067.61,220.8480454,7.348,3,151315
1,2012-03-02,0,2,52608.51,60.96,3.63,15441.4,1569,10.8,25390.88,8067.61,220.8480454,7.348,3,151315
1,2012-03-09,0,1,21140.07,58.76,3.669,10331.04,151.88,6,671.43,5509.84,221.0591887,7.348,3,151315
1,2012-03-09,0,2,48563.69,58.76,3.669,10331.04,151.88,6,671.43,5509.84,221.0591887,7.348,3,151315
1,2012-03-16,0,1,22366.88,64.74,3.734,4298.16,7.5,2.02,2724.65,2017.69,221.2118132,7.348,3,151315
1,2012-03-16,0,2,47346.32,64.74,3.734,4298.16,7.5,2.02,2724.65,2017.69,221.2118132,7.348,3,151315
1,2012-03-23,0,2,44796.03,65.93,3.787,6118.56,9.48,4.97,426.72,3657.22,221.2864126,7.348,3,151315
1,2012-03-23,0,1,22107.7,65.93,3.787,6118.56,9.48,4.97,426.72,3657.22,221.2864126,7.348,3,151315
1,2012-03-30,0,2,46529.68,67.61,3.845,10309.58,0.5,10.25,1654.17,2642.78,221.3610119,7.348,3,151315
1,2012-03-30,0,1,28952.86,67.61,3.845,10309.58,0.5,10.25,1654.17,2642.78,221.3610119,7.348,3,151315
1,2012-04-06,0,1,57592.12,70.43,3.891,10121.97,0,77.98,3750.59,4510.72,221.4356112,7.143,3,151315
1,2012-04-06,0,2,51805.88,70.43,3.891,10121.97,0,77.98,3750.59,4510.72,221.4356112,7.143,3,151315
1,2012-04-13,0,1,34684.21,69.07,3.891,6186.19,3288.69,17.07,1822.55,1063.78,221.5102105,7.143,3,151315
1,2012-04-13,0,2,43991.18,69.07,3.891,6186.19,3288.69,17.07,1822.55,1063.78,221.5102105,7.143,3,151315
1,2012-04-20,0,1,16976.19,66.76,3.877,2230.8,612.02,19.75,275.13,5747.1,221.5640737,7.143,3,151315
1,2012-04-20,0,2,45561.85,66.76,3.877,2230.8,612.02,19.75,275.13,5747.1,221.5640737,7.143,3,151315
1,2012-04-27,0,1,16347.6,67.23,3.814,3221.25,0,35.49,577.14,6222.25,221.6179368,7.143,3,151315
1,2012-04-27,0,2,45456.23,67.23,3.814,3221.25,0,35.49,577.14,6222.25,221.6179368,7.143,3,151315
1,2012-05-04,0,1,17147.44,75.55,3.749,21290.13,0,69.89,4977.35,3261.04,221.6718,7.143,3,151315
1,2012-05-04,0,2,50501.3,75.55,3.749,21290.13,0,69.89,4977.35,3261.04,221.6718,7.143,3,151315
1,2012-05-11,0,1,18164.2,73.77,3.688,8351.4,0,10.52,2443.14,3127.88,221.7256632,7.143,3,151315
1,2012-05-11,0,2,46717.76,73.77,3.688,8351.4,0,10.52,2443.14,3127.88,221.7256632,7.143,3,151315
1,2012-05-18,0,1,18517.79,70.33,3.63,6154.14,0,45.11,1675.49,5508.18,221.742674,7.143,3,151315
1,2012-05-18,0,2,44411.23,70.33,3.63,6154.14,0,45.11,1675.49,5508.18,221.742674,7.143,3,151315
1,2012-05-25,0,1,16963.55,77.22,3.561,4039.39,0,745.19,1429.96,3631.13,221.744944,7.143,3,151315
1,2012-05-25,0,2,45817.07,77.22,3.561,4039.39,0,745.19,1429.96,3631.13,221.744944,7.143,3,151315
1,2012-06-01,0,2,47425.29,77.95,3.501,6086.21,12,370.51,148.75,3690.85,221.7472139,7.143,3,151315
1,2012-06-01,0,1,16065.49,77.95,3.501,6086.21,12,370.51,148.75,3690.85,221.7472139,7.143,3,151315
1,2012-06-08,0,2,49439.58,78.3,3.452,8813.81,116.8,64.55,2652.04,7161.91,221.7494839,7.143,3,151315
1,2012-06-08,0,1,17666,78.3,3.452,8813.81,116.8,64.55,2652.04,7161.91,221.7494839,7.143,3,151315
1,2012-06-15,0,2,46637.48,79.35,3.393,5621.99,109.6,0.25,2420.28,3083.26,221.7626421,7.143,3,151315
1,2012-06-15,0,1,17558.82,79.35,3.393,5621.99,109.6,0.25,2420.28,3083.26,221.7626421,7.143,3,151315
1,2012-06-22,0,2,46075,78.39,3.346,8624.56,171.25,3.05,2524.07,7063.68,221.8030211,7.143,3,151315
1,2012-06-22,0,1,16633.41,78.39,3.346,8624.56,171.25,3.05,2524.07,7063.68,221.8030211,7.143,3,151315
1,2012-06-29,0,2,47629.14,84.88,3.286,3965.73,161.6,0,435.99,4212.97,221.8434,7.143,3,151315
1,2012-06-29,0,1,15722.82,84.88,3.286,3965.73,161.6,0,435.99,4212.97,221.8434,7.143,3,151315
1,2012-07-06,0,2,49771.92,81.57,3.227,12218.76,94.4,192.83,4066.01,6149.04,221.8837789,6.908,3,151315
1,2012-07-06,0,1,17823.37,81.57,3.227,12218.76,94.4,192.83,4066.01,6149.04,221.8837789,6.908,3,151315
1,2012-07-13,0,2,44411.95,77.12,3.256,7218.13,45.2,36.24,3909.38,2596.37,221.9241579,6.908,3,151315
1,2012-07-13,0,1,16566.18,77.12,3.256,7218.13,45.2,36.24,3909.38,2596.37,221.9241579,6.908,3,151315
1,2012-07-20,0,2,45108.22,80.42,3.311,3213,313.72,9.53,2262.02,3228.19,221.9327267,6.908,3,151315
1,2012-07-20,0,1,16348.06,80.42,3.311,3213,313.72,9.53,2262.02,3228.19,221.9327267,6.908,3,151315
1,2012-07-27,0,1,15731.18,82.66,3.407,7146.9,389.02,1.59,10267.54,4325.19,221.9412954,6.908,3,151315
1,2012-07-27,0,2,45008.22,82.66,3.407,7146.9,389.02,1.59,10267.54,4325.19,221.9412954,6.908,3,151315
1,2012-08-03,0,1,16628.31,86.11,3.417,27584.78,119.98,30.23,12007.04,4661.71,221.9498642,6.908,3,151315
1,2012-08-03,0,2,49424.06,86.11,3.417,27584.78,119.98,30.23,12007.04,4661.71,221.9498642,6.908,3,151315
1,2012-08-10,0,1,16119.92,85.05,3.494,11436.22,245,6.85,6964.26,4836.22,221.9584329,6.908,3,151315
1,2012-08-10,0,2,46729.91,85.05,3.494,11436.22,245,6.85,6964.26,4836.22,221.9584329,6.908,3,151315
1,2012-08-17,0,1,17330.7,84.85,3.571,3662.06,137.86,4.84,2752.2,3446.15,222.0384109,6.908,3,151315
1,2012-08-17,0,2,46350.97,84.85,3.571,3662.06,137.86,4.84,2752.2,3446.15,222.0384109,6.908,3,151315
1,2012-08-24,0,1,16286.4,77.66,3.62,6237.83,260.06,2.97,3463.03,7988.25,222.1719457,6.908,3,151315
1,2012-08-24,0,2,44972.52,77.66,3.62,6237.83,260.06,2.97,3463.03,7988.25,222.1719457,6.908,3,151315
1,2012-08-31,0,2,50995.5,80.49,3.638,21442.73,102.32,21.7,13209.64,3032.96,222.3054805,6.908,3,151315
1,2012-08-31,0,1,16680.24,80.49,3.638,21442.73,102.32,21.7,13209.64,3032.96,222.3054805,6.908,3,151315
1,2012-09-07,1,1,18322.37,83.96,3.73,5204.68,35.74,50.94,4120.32,2737.17,222.4390153,6.908,3,151315
1,2012-09-07,1,2,47344.5,83.96,3.73,5204.68,35.74,50.94,4120.32,2737.17,222.4390153,6.908,3,151315
1,2012-09-14,0,1,19616.22,74.97,3.717,17212.52,7,18.79,1523.11,7992.72,222.5820193,6.908,3,151315
1,2012-09-14,0,2,44493.61,74.97,3.717,17212.52,7,18.79,1523.11,7992.72,222.5820193,6.908,3,151315
1,2012-09-21,0,1,19251.5,69.87,3.721,6352.3,7.64,4.69,1010.06,6456.71,222.7818386,6.908,3,151315
1,2012-09-21,0,2,43541.07,69.87,3.721,6352.3,7.64,4.69,1010.06,6456.71,222.7818386,6.908,3,151315
1,2012-09-28,0,2,45784.76,76.08,3.666,3666.27,7.64,1.65,1417.96,4744.28,222.9816579,6.908,3,151315
1,2012-09-28,0,1,18947.81,76.08,3.666,3666.27,7.64,1.65,1417.96,4744.28,222.9816579,6.908,3,151315
1,2012-10-05,0,2,48577.08,68.55,3.617,8077.89,0,18.22,3617.43,3626.14,223.1814772,6.573,3,151315
1,2012-10-05,0,1,21904.47,68.55,3.617,8077.89,0,18.22,3617.43,3626.14,223.1814772,6.573,3,151315
1,2012-10-12,0,2,42112.67,62.99,3.601,2086.18,0,8.11,602.36,5926.45,223.3812965,6.573,3,151315
1,2012-10-12,0,1,22764.01,62.99,3.601,2086.18,0,8.11,602.36,5926.45,223.3812965,6.573,3,151315
1,2012-10-19,0,2,42354.72,67.97,3.594,950.33,0,4.93,80.25,2312.85,223.4257233,6.573,3,151315
1,2012-10-19,0,1,24185.27,67.97,3.594,950.33,0,4.93,80.25,2312.85,223.4257233,6.573,3,151315
1,2012-10-26,0,1,27390.81,69.16,3.506,2585.85,31.75,6,1057.16,1305.01,223.4442513,6.573,3,151315
1,2012-10-26,0,2,43134.88,69.16,3.506,2585.85,31.75,6,1057.16,1305.01,223.4442513,6.573,3,151315
2,2010-02-05,0,1,35034.06,40.19,2.572,0,0,0,0,0,210.7526053,8.324,3,202307
2,2010-02-05,0,2,74661.16,40.19,2.572,0,0,0,0,0,210.7526053,8.324,3,202307
2,2010-02-12,1,2,65487.46,38.49,2.548,0,0,0,0,0,210.8979935,8.324,3,202307
2,2010-02-12,1,1,60483.7,38.49,2.548,0,0,0,0,0,210.8979935,8.324,3,202307
2,2010-02-19,0,2,70853.58,39.69,2.514,0,0,0,0,0,210.9451605,8.324,3,202307
2,2010-02-19,0,1,58221.52,39.69,2.514,0,0,0,0,0,210.9451605,8.324,3,202307
2,2010-02-26,0,2,64963.9,46.1,2.561,0,0,0,0,0,210.9759573,8.324,3,202307
2,2010-02-26,0,1,25962.32,46.1,2.561,0,0,0,0,0,210.9759573,8.324,3,202307
2,2010-03-05,0,2,68428.64,47.17,2.625,0,0,0,0,0,211.0067542,8.324,3,202307
2,2010-03-05,0,1,27372.05,47.17,2.625,0,0,0,0,0,211.0067542,8.324,3,202307
2,2010-03-12,0,2,66622.03,57.56,2.667,0,0,0,0,0,211.037551,8.324,3,202307
2,2010-03-12,0,1,28660.87,57.56,2.667,0,0,0,0,0,211.037551,8.324,3,202307
2,2010-03-19,0,2,64307.01,54.52,2.72,0,0,0,0,0,210.8733316,8.324,3,202307
2,2010-03-19,0,1,28446.92,54.52,2.72,0,0,0,0,0,210.8733316,8.324,3,202307
2,2010-03-26,0,1,32213.99,51.26,2.732,0,0,0,0,0,210.6766095,8.324,3,202307
2,2010-03-26,0,2,59770.18,51.26,2.732,0,0,0,0,0,210.6766095,8.324,3,202307
2,2010-04-02,0,1,82766.07,63.27,2.719,0,0,0,0,0,210.4798874,8.2,3,202307
2,2010-04-02,0,2,68286.2,63.27,2.719,0,0,0,0,0,210.4798874,8.2,3,202307
2,2010-04-09,0,2,64295.22,65.41,2.77,0,0,0,0,0,210.2831653,8.2,3,202307
2,2010-04-09,0,1,66560,65.41,2.77,0,0,0,0,0,210.2831653,8.2,3,202307
2,2010-04-16,0,2,65172.2,68.07,2.808,0,0,0,0,0,210.1495463,8.2,3,202307
2,2010-04-16,0,1,21308.59,68.07,2.808,0,0,0,0,0,210.1495463,8.2,3,202307
2,2010-04-23,0,2,66471.86,65.11,2.795,0,0,0,0,0,210.1000648,8.2,3,202307
2,2010-04-23,0,1,22163.12,65.11,2.795,0,0,0,0,0,210.1000648,8.2,3,202307
2,2010-04-30,0,2,65054.02,66.98,2.78,0,0,0,0,0,210.0505833,8.2,3,202307
2,2010-04-30,0,1,24066.2,66.98,2.78,0,0,0,0,0,210.0505833,8.2,3,202307
2,2010-05-07,0,2,68976.37,71.28,2.835,0,0,0,0,0,210.0011018,8.2,3,202307
2,2010-05-07,0,1,26191.58,71.28,2.835,0,0,0,0,0,210.0011018,8.2,3,202307
2,2010-05-14,0,2,62666.91,73.31,2.854,0,0,0,0,0,209.9984585,8.2,3,202307
2,2010-05-14,0,1,25876.55,73.31,2.854,0,0,0,0,0,209.9984585,8.2,3,202307
2,2010-05-21,0,2,69699.5,74.83,2.826,0,0,0,0,0,210.2768443,8.2,3,202307
2,2010-05-21,0,1,22689.01,74.83,2.826,0,0,0,0,0,210.2768443,8.2,3,202307
2,2010-05-28,0,2,68750.86,81.13,2.759,0,0,0,0,0,210.5552301,8.2,3,202307
2,2010-05-28,0,1,22899.73,81.13,2.759,0,0,0,0,0,210.5552301,8.2,3,202307
2,2010-06-04,0,2,68994.35,81.81,2.705,0,0,0,0,0,210.833616,8.2,3,202307
2,2010-06-04,0,1,23869.17,81.81,2.705,0,0,0,0,0,210.833616,8.2,3,202307
2,2010-06-11,0,2,72603.29,83.4,2.668,0,0,0,0,0,211.1120018,8.2,3,202307
2,2010-06-11,0,1,24549.01,83.4,2.668,0,0,0,0,0,211.1120018,8.2,3,202307
2,2010-06-18,0,1,23918.56,85.81,2.637,0,0,0,0,0,211.1096543,8.2,3,202307
2,2010-06-18,0,2,69633.65,85.81,2.637,0,0,0,0,0,211.1096543,8.2,3,202307
2,2010-06-25,0,1,23757.36,86.26,2.653,0,0,0,0,0,210.9950134,8.2,3,202307
2,2010-06-25,0,2,68587.69,86.26,2.653,0,0,0,0,0,210.9950134,8.2,3,202307
2,2010-07-02,0,1,23803.34,82.74,2.669,0,0,0,0,0,210.8803726,8.099,3,202307
2,2010-07-02,0,2,72107.47,82.74,2.669,0,0,0,0,0,210.8803726,8.099,3,202307
2,2010-07-09,0,2,66045.13,82.59,2.642,0,0,0,0,0,210.7657317,8.099,3,202307
2,2010-07-09,0,1,23707.54,82.59,2.642,0,0,0,0,0,210.7657317,8.099,3,202307
2,2010-07-16,0,1,23727.77,85.32,2.623,0,0,0,0,0,210.7577954,8.099,3,202307
2,2010-07-16,0,2,69430.49,85.32,2.623,0,0,0,0,0,210.7577954,8.099,3,202307
2,2010-07-23,0,2,66465.49,87.66,2.608,0,0,0,0,0,210.8921319,8.099,3,202307
2,2010-07-23,0,1,21139.52,87.66,2.608,0,0,0,0,0,210.8921319,8.099,3,202307
2,2010-07-30,0,2,67829.52,83.49,2.64,0,0,0,0,0,211.0264684,8.099,3,202307
2,2010-07-30,0,1,22749.21,83.49,2.64,0,0,0,0,0,211.0264684,8.099,3,202307
2,2010-08-06,0,2,69920.91,89.53,2.627,0,0,0,0,0,211.1608049,8.099,3,202307
2,2010-08-06,0,1,22795.72,89.53,2.627,0,0,0,0,0,211.1608049,8.099,3,202307
2,2010-08-13,0,1,21933.3,89.05,2.692,0,0,0,0,0,211.2951413,8.099,3,202307
2,2010-08-13,0,2,69947,89.05,2.692,0,0,0,0,0,211.2951413,8.099,3,202307
2,2010-08-20,0,2,69472.79,88.7,2.664,0,0,0,0,0,211.2596586,8.099,3,202307
2,2010-08-20,0,1,22126.52,88.7,2.664,0,0,0,0,0,211.2596586,8.099,3,202307
2,2010-08-27,0,1,21264.66,87.12,2.619,0,0,0,0,0,211.2241759,8.099,3,202307
2,2010-08-27,0,2,69300.7,87.12,2.619,0,0,0,0,0,211.2241759,8.099,3,202307
2,2010-09-03,0,1,23901.32,81.83,2.577,0,0,0,0,0,211.1886931,8.099,3,202307
2,2010-09-03,0,2,70081.13,81.83,2.577,0,0,0,0,0,211.1886931,8.099,3,202307
2,2010-09-10,1,2,65663.65,79.09,2.565,0,0,0,0,0,211.1532104,8.099,3,202307
2,2010-09-10,1,1,25710.17,79.09,2.565,0,0,0,0,0,211.1532104,8.099,3,202307
2,2010-09-17,0,2,64649.52,82.05,2.582,0,0,0,0,0,211.1806415,8.099,3,202307
2,2010-09-17,0,1,26266.39,82.05,2.582,0,0,0,0,0,211.1806415,8.099,3,202307
2,2010-09-24,0,2,65789.27,81.79,2.624,0,0,0,0,0,211.2552578,8.099,3,202307
2,2010-09-24,0,1,26127.76,81.79,2.624,0,0,0,0,0,211.2552578,8.099,3,202307
2,2010-10-01,0,2,66423.44,69.24,2.603,0,0,0,0,0,211.3298742,8.163,3,202307
2,2010-10-01,0,1,27023.35,69.24,2.603,0,0,0,0,0,211.3298742,8.163,3,202307
2,2010-10-08,0,2,64252.04,63.19,2.633,0,0,0,0,0,211.4044906,8.163,3,202307
2,2010-10-08,0,1,31524.86,63.19,2.633,0,0,0,0,0,211.4044906,8.163,3,202307
2,2010-10-15,0,2,63597.23,65.8,2.72,0,0,0,0,0,211.4713286,8.163,3,202307
2,2010-10-15,0,1,34924.59,65.8,2.72,0,0,0,0,0,211.4713286,8.163,3,202307
2,2010-10-22,0,2,62810.47,68.5,2.725,0,0,0,0,0,211.5187208,8.163,3,202307
2,2010-10-22,0,1,40755.17,68.5,2.725,0,0,0,0,0,211.5187208,8.163,3,202307
2,2010-10-29,0,2,63125.76,66.24,2.716,0,0,0,0,0,211.5661131,8.163,3,202307
2,2010-10-29,0,1,56903.47,66.24,2.716,0,0,0,0,0,211.5661131,8.163,3,202307
2,2010-11-05,0,1,46198.84,57.85,2.689,0,0,0,0,0,211.6135053,8.163,3,202307
2,2010-11-05,0,2,64267.74,57.85,2.689,0,0,0,0,0,211.6135053,8.163,3,202307
2,2010-11-12,0,1,22794.09,59.69,2.728,0,0,0,0,0,211.6608975,8.163,3,202307
2,2010-11-12,0,2,62367.28,59.69,2.728,0,0,0,0,0,211.6608975,8.163,3,202307
2,2010-11-19,0,1,24363.72,50.81,2.771,0,0,0,0,0,211.5470304,8.163,3,202307
2,2010-11-19,0,2,65120.69,50.81,2.771,0,0,0,0,0,211.5470304,8.163,3,202307
2,2010-11-26,1,2,66864.2,62.98,2.735,0,0,0,0,0,211.4062867,8.163,3,202307
2,2010-11-26,1,1,24513.63,62.98,2.735,0,0,0,0,0,211.4062867,8.163,3,202307
2,2010-12-03,0,1,30662.62,49.33,2.708,0,0,0,0,0,211.265543,8.163,3,202307
2,2010-12-03,0,2,62758.12,49.33,2.708,0,0,0,0,0,211.265543,8.163,3,202307
2,2010-12-10,0,2,66513.13,45.5,2.843,0,0,0,0,0,211.1247993,8.163,3,202307
2,2010-12-10,0,1,44451.34,45.5,2.843,0,0,0,0,0,211.1247993,8.163,3,202307
2,2010-12-17,0,2,74559.82,47.55,2.869,0,0,0,0,0,211.0645458,8.163,3,202307
2,2010-12-17,0,1,64512.46,47.55,2.869,0,0,0,0,0,211.0645458,8.163,3,202307
2,2010-12-24,0,2,91738.44,49.97,2.886,0,0,0,0,0,211.0646599,8.163,3,202307
2,2010-12-24,0,1,82523.73,49.97,2.886,0,0,0,0,0,211.0646599,8.163,3,202307
2,2010-12-31,1,2,55375.52,47.3,2.943,0,0,0,0,0,211.064774,8.163,3,202307
2,2010-12-31,1,1,28482.71,47.3,2.943,0,0,0,0,0,211.064774,8.163,3,202307
2,2011-01-07,0,2,62974.44,44.69,2.976,0,0,0,0,0,211.0648881,8.028,3,202307
2,2011-01-07,0,1,19092.94,44.69,2.976,0,0,0,0,0,211.0648881,8.028,3,202307
2,2011-01-14,0,2,56606.3,33.02,2.983,0,0,0,0,0,211.1176713,8.028,3,202307
2,2011-01-14,0,1,22159.74,33.02,2.983,0,0,0,0,0,211.1176713,8.028,3,202307
2,2011-01-21,0,2,62126.32,41.4,3.016,0,0,0,0,0,211.4864691,8.028,3,202307
2,2011-01-21,0,1,23088.16,41.4,3.016,0,0,0,0,0,211.4864691,8.028,3,202307
2,2011-01-28,0,1,25461.57,42.83,3.01,0,0,0,0,0,211.8552668,8.028,3,202307
2,2011-01-28,0,2,59940.76,42.83,3.01,0,0,0,0,0,211.8552668,8.028,3,202307
2,2011-02-04,0,2,60069.23,38.25,2.989,0,0,0,0,0,212.2240646,8.028,3,202307
2,2011-02-04,0,1,29606.98,38.25,2.989,0,0,0,0,0,212.2240646,8.028,3,202307
2,2011-02-11,1,1,51382.63,33.19,3.022,0,0,0,0,0,212.5928624,8.028,3,202307
2,2011-02-11,1,2,70619.64,33.19,3.022,0,0,0,0,0,212.5928624,8.028,3,202307
2,2011-02-18,0,1,62706.27,57.83,3.045,0,0,0,0,0,212.9033115,8.028,3,202307
2,2011-02-18,0,2,69487.17,57.83,3.045,0,0,0,0,0,212.9033115,8.028,3,202307
2,2011-02-25,0,1,22631.87,60.8,3.065,0,0,0,0,0,213.190421,8.028,3,202307
2,2011-02-25,0,2,65829.84,60.8,3.065,0,0,0,0,0,213.190421,8.028,3,202307
2,2011-03-04,0,1,25562.33,57.77,3.288,0,0,0,0,0,213.4775305,8.028,3,202307
2,2011-03-04,0,2,70042.14,57.77,3.288,0,0,0,0,0,213.4775305,8.028,3,202307
2,2011-03-11,0,1,26025.39,52.7,3.459,0,0,0,0,0,213.7646401,8.028,3,202307
2,2011-03-11,0,2,67898.82,52.7,3.459,0,0,0,0,0,213.7646401,8.028,3,202307
2,2011-03-18,0,2,64567.4,62.32,3.488,0,0,0,0,0,214.0156238,8.028,3,202307
2,2011-03-18,0,1,25405.55,62.32,3.488,0,0,0,0,0,214.0156238,8.028,3,202307
2,2011-03-25,0,1,23880.58,69.42,3.473,0,0,0,0,0,214.2521573,8.028,3,202307
2,2011-03-25,0,2,60715.5,69.42,3.473,0,0,0,0,0,214.2521573,8.028,3,202307
2,2011-04-01,0,1,24591.68,55.43,3.524,0,0,0,0,0,214.4886908,7.931,3,202307
2,2011-04-01,0,2,65018.79,55.43,3.524,0,0,0,0,0,214.4886908,7.931,3,202307
2,2011-04-08,0,2,61878.07,67,3.622,0,0,0,0,0,214.7252242,7.931,3,202307
2,2011-04-08,0,1,28223.45,67,3.622,0,0,0,0,0,214.7252242,7.931,3,202307
2,2011-04-15,0,2,62959.75,69.48,3.743,0,0,0,0,0,214.9420631,7.931,3,202307
2,2011-04-15,0,1,34644.85,69.48,3.743,0,0,0,0,0,214.9420631,7.931,3,202307
2,2011-04-22,0,2,64738.13,69.39,3.807,0,0,0,0,0,215.1096657,7.931,3,202307
2,2011-04-22,0,1,72065.08,69.39,3.807,0,0,0,0,0,215.1096657,7.931,3,202307
2,2011-04-29,0,2,62751.61,69.21,3.81,0,0,0,0,0,215.2772683,7.931,3,202307
2,2011-04-29,0,1,57905.55,69.21,3.81,0,0,0,0,0,215.2772683,7.931,3,202307
2,2011-05-06,0,1,24658.53,61.48,3.906,0,0,0,0,0,215.4448709,7.931,3,202307
2,2011-05-06,0,2,63235.76,61.48,3.906,0,0,0,0,0,215.4448709,7.931,3,202307
2,2011-05-13,0,1,22484.33,74.61,3.899,0,0,0,0,0,215.6124735,7.931,3,202307
2,2011-05-13,0,2,62941.61,74.61,3.899,0,0,0,0,0,215.6124735,7.931,3,202307
2,2011-05-20,0,1,21590.53,67.14,3.907,0,0,0,0,0,215.3834778,7.931,3,202307
2,2011-05-20,0,2,61960.83,67.14,3.907,0,0,0,0,0,215.3834778,7.931,3,202307
2,2011-05-27,0,1,21334.34,76.42,3.786,0,0,0,0,0,215.1544822,7.931,3,202307
2,2011-05-27,0,2,64755.07,76.42,3.786,0,0,0,0,0,215.1544822,7.931,3,202307
2,2011-06-03,0,1,22174.12,83.07,3.699,0,0,0,0,0,214.9254865,7.931,3,202307
2,2011-06-03,0,2,65848.98,83.07,3.699,0,0,0,0,0,214.9254865,7.931,3,202307
2,2011-06-10,0,2,66831.49,83.4,3.648,0,0,0,0,0,214.6964908,7.931,3,202307
2,2011-06-10,0,1,21554.22,83.4,3.648,0,0,0,0,0,214.6964908,7.931,3,202307
2,2011-06-17,0,1,22431.56,86.53,3.637,0,0,0,0,0,214.6513538,7.931,3,202307
2,2011-06-17,0,2,66648.26,86.53,3.637,0,0,0,0,0,214.6513538,7.931,3,202307
2,2011-06-24,0,1,21426.72,85.17,3.594,0,0,0,0,0,214.7441108,7.931,3,202307
2,2011-06-24,0,2,61507.28,85.17,3.594,0,0,0,0,0,214.7441108,7.931,3,202307
2,2011-07-01,0,1,21706.59,85.69,3.524,0,0,0,0,0,214.8368678,7.852,3,202307
2,2011-07-01,0,2,64838.42,85.69,3.524,0,0,0,0,0,214.8368678,7.852,3,202307
2,2011-07-08,0,1,21037.47,87.7,3.48,0,0,0,0,0,214.9296249,7.852,3,202307
2,2011-07-08,0,2,64206.49,87.7,3.48,0,0,0,0,0,214.9296249,7.852,3,202307
2,2011-07-15,0,1,20810.61,89.83,3.575,0,0,0,0,0,215.0134426,7.852,3,202307
2,2011-07-15,0,2,63850.33,89.83,3.575,0,0,0,0,0,215.0134426,7.852,3,202307
2,2011-07-22,0,1,20456.83,89.34,3.651,0,0,0,0,0,215.0749122,7.852,3,202307
2,2011-07-22,0,2,64188.7,89.34,3.651,0,0,0,0,0,215.0749122,7.852,3,202307
2,2011-07-29,0,1,20783.05,90.07,3.682,0,0,0,0,0,215.1363819,7.852,3,202307
2,2011-07-29,0,2,62022.55,90.07,3.682,0,0,0,0,0,215.1363819,7.852,3,202307
2,2011-08-05,0,2,67755.05,93.34,3.684,0,0,0,0,0,215.1978515,7.852,3,202307
2,2011-08-05,0,1,20875.73,93.34,3.684,0,0,0,0,0,215.1978515,7.852,3,202307
2,2011-08-12,0,2,66849.04,91.58,3.638,0,0,0,0,0,215.2593211,7.852,3,202307
2,2011-08-12,0,1,20580.3,91.58,3.638,0,0,0,0,0,215.2593211,7.852,3,202307
2,2011-08-19,0,2,67360.35,89.86,3.554,0,0,0,0,0,215.3229307,7.852,3,202307
2,2011-08-19,0,1,21324.65,89.86,3.554,0,0,0,0,0,215.3229307,7.852,3,202307
2,2011-08-26,0,1,21642.33,90.45,3.523,0,0,0,0,0,215.386897,7.852,3,202307
2,2011-08-26,0,2,69418.62,90.45,3.523,0,0,0,0,0,215.386897,7.852,3,202307
2,2011-09-02,0,1,23645.73,89.64,3.533,0,0,0,0,0,215.4508632,7.852,3,202307
2,2011-09-02,0,2,66006.89,89.64,3.533,0,0,0,0,0,215.4508632,7.852,3,202307
2,2011-09-09,1,1,22549.64,77.97,3.546,0,0,0,0,0,215.5148295,7.852,3,202307
2,2011-09-09,1,2,60703.72,77.97,3.546,0,0,0,0,0,215.5148295,7.852,3,202307
2,2011-09-16,0,1,23973.86,78.85,3.526,0,0,0,0,0,215.6944378,7.852,3,202307
2,2011-09-16,0,2,59135.08,78.85,3.526,0,0,0,0,0,215.6944378,7.852,3,202307
2,2011-09-23,0,2,61107.02,75.58,3.467,0,0,0,0,0,216.0282356,7.852,3,202307
2,2011-09-23,0,1,24204.22,75.58,3.467,0,0,0,0,0,216.0282356,7.852,3,202307
2,2011-09-30,0,2,61698.6,78.14,3.355,0,0,0,0,0,216.3620333,7.852,3,202307
2,2011-09-30,0,1,24949.42,78.14,3.355,0,0,0,0,0,216.3620333,7.852,3,202307
2,2011-10-07,0,2,64978.04,69.92,3.285,0,0,0,0,0,216.6958311,7.441,3,202307
2,2011-10-07,0,1,28071.56,69.92,3.285,0,0,0,0,0,216.6958311,7.441,3,202307
2,2011-10-14,0,1,29264.62,71.67,3.274,0,0,0,0,0,217.0048261,7.441,3,202307
2,2011-10-14,0,2,62476.91,71.67,3.274,0,0,0,0,0,217.0048261,7.441,3,202307
2,2011-10-21,0,2,60669.07,64.53,3.353,0,0,0,0,0,217.1650042,7.441,3,202307
2,2011-10-21,0,1,33205.32,64.53,3.353,0,0,0,0,0,217.1650042,7.441,3,202307
2,2011-10-28,0,2,59276.11,65.87,3.372,0,0,0,0,0,217.3251824,7.441,3,202307
2,2011-10-28,0,1,43490.95,65.87,3.372,0,0,0,0,0,217.3251824,7.441,3,202307
2,2011-11-04,0,1,55729.13,55.53,3.332,0,0,0,0,0,217.4853605,7.441,3,202307
2,2011-11-04,0,2,65483.49,55.53,3.332,0,0,0,0,0,217.4853605,7.441,3,202307
2,2011-11-11,0,2,61463.38,59.33,3.297,10797.64,20445,443.32,4754.07,4787.16,217.6455387,7.441,3,202307
2,2011-11-11,0,1,23151.55,59.33,3.297,10797.64,20445,443.32,4754.07,4787.16,217.6455387,7.441,3,202307
2,2011-11-18,0,1,23923.11,62.01,3.308,6490.92,1217.76,152.12,873.82,7656.42,217.8670218,7.441,3,202307
2,2011-11-18,0,2,61442.83,62.01,3.308,6490.92,1217.76,152.12,873.82,7656.42,217.8670218,7.441,3,202307
2,2011-11-25,1,2,64808.41,56.36,3.236,919.71,62,77451.26,23,1589.43,218.1130269,7.441,3,202307
2,2011-11-25,1,1,25542.74,56.36,3.236,919.71,62,77451.26,23,1589.43,218.1130269,7.441,3,202307
2,2011-12-02,0,2,60333.21,48.74,3.172,8010.99,83.47,1897.27,4444,28238.93,218.3590319,7.441,3,202307
2,2011-12-02,0,1,29959.08,48.74,3.172,8010.99,83.47,1897.27,4444,28238.93,218.3590319,7.441,3,202307
2,2011-12-09,0,2,66160.47,41.76,3.158,11472.59,40,306.43,4160.55,8899.08,218.605037,7.441,3,202307
2,2011-12-09,0,1,43639.97,41.76,3.158,11472.59,40,306.43,4160.55,8899.08,218.605037,7.441,3,202307
2,2011-12-16,0,1,63109.72,50.13,3.159,4908.83,61.03,341.49,469.8,4744.27,218.8217928,7.441,3,202307
2,2011-12-16,0,2,73364.19,50.13,3.159,4908.83,61.03,341.49,469.8,4744.27,218.8217928,7.441,3,202307
2,2011-12-23,0,1,75779.45,46.66,3.112,2971.04,15.18,1501.75,88.76,6437.61,218.9995495,7.441,3,202307
2,2011-12-23,0,2,93511.03,46.66,3.112,2971.04,15.18,1501.75,88.76,6437.61,218.9995495,7.441,3,202307
2,2011-12-30,1,1,31246.27,44.57,3.129,8321.44,92523.94,139.53,1515.4,3027.69,219.1773063,7.441,3,202307
2,2011-12-30,1,2,57846.27,44.57,3.129,8321.44,92523.94,139.53,1515.4,3027.69,219.1773063,7.441,3,202307
2,2012-01-06,0,1,20481.45,46.75,3.157,5886.72,37454.29,121.16,2388.92,7103.97,219.355063,7.057,3,202307
2,2012-01-06,0,2,64877.05,46.75,3.157,5886.72,37454.29,121.16,2388.92,7103.97,219.355063,7.057,3,202307
2,2012-01-13,0,1,21569.9,45.99,3.261,4414.72,12092.63,98.38,708.18,4245.6,219.5328198,7.057,3,202307
2,2012-01-13,0,2,62505.79,45.99,3.261,4414.72,12092.63,98.38,708.18,4245.6,219.5328198,7.057,3,202307
2,2012-01-20,0,1,23397.02,51.7,3.268,6552.26,4355.69,105.97,1703.1,3376.03,219.6258417,7.057,3,202307
2,2012-01-20,0,2,61438.15,51.7,3.268,6552.26,4355.69,105.97,1703.1,3376.03,219.6258417,7.057,3,202307
2,2012-01-27,0,2,58151.34,50.5,3.29,1920.15,1507.56,86.09,43.4,2613.53,219.7188636,7.057,3,202307
2,2012-01-27,0,1,22833.08,50.5,3.29,1920.15,1507.56,86.09,43.4,2613.53,219.7188636,7.057,3,202307
2,2012-02-03,0,1,28813.06,55.21,3.36,75149.79,3818.85,221.4,48159.86,7423.61,219.8118854,7.057,3,202307
2,2012-02-03,0,2,71322.01,55.21,3.36,75149.79,3818.85,221.4,48159.86,7423.61,219.8118854,7.057,3,202307
2,2012-02-10,1,1,41247.02,46.98,3.409,13510.89,6674.42,94.07,14114.9,9577.83,219.9049073,7.057,3,202307
2,2012-02-10,1,2,69165.6,46.98,3.409,13510.89,6674.42,94.07,14114.9,9577.83,219.9049073,7.057,3,202307
2,2012-02-17,0,1,77394.09,43.82,3.51,13942.54,14273.24,15.76,4927.14,6650.08,220.0651993,7.057,3,202307
2,2012-02-17,0,2,70027.01,43.82,3.51,13942.54,14273.24,15.76,4927.14,6650.08,220.0651993,7.057,3,202307
2,2012-02-24,0,1,25613.67,54.63,3.555,13048.36,12059.1,10.2,5299.73,10380.03,220.275944,7.057,3,202307
2,2012-02-24,0,2,66451.66,54.63,3.555,13048.36,12059.1,10.2,5299.73,10380.03,220.275944,7.057,3,202307
2,2012-03-02,0,1,25556.15,58.79,3.63,23901.27,2144.7,9,9799.63,4929.53,220.4866886,7.057,3,202307
2,2012-03-02,0,2,70768.55,58.79,3.63,23901.27,2144.7,9,9799.63,4929.53,220.4866886,7.057,3,202307
2,2012-03-09,0,1,26173.93,57.11,3.669,11784.91,368.32,3,2498.17,7746,220.6974332,7.057,3,202307
2,2012-03-09,0,2,66870.9,57.11,3.669,11784.91,368.32,3,2498.17,7746,220.6974332,7.057,3,202307
2,2012-03-16,0,1,27320.08,63.68,3.734,5965.99,230.42,3,2650.77,2073.81,220.8498468,7.057,3,202307
2,2012-03-16,0,2,68851.41,63.68,3.734,5965.99,230.42,3,2650.77,2073.81,220.8498468,7.057,3,202307
2,2012-03-23,0,1,29868.82,64.01,3.787,6008.98,139.93,6.63,1650.49,5263.08,220.9244858,7.057,3,202307
2,2012-03-23,0,2,63447.81,64.01,3.787,6008.98,139.93,6.63,1650.49,5263.08,220.9244858,7.057,3,202307
2,2012-03-30,0,2,63778.8,66.83,3.845,14369.3,164.77,17,1017.31,3470.49,220.9991248,7.057,3,202307
2,2012-03-30,0,1,37052.68,66.83,3.845,14369.3,164.77,17,1017.31,3470.49,220.9991248,7.057,3,202307
2,2012-04-06,0,2,70382.23,68.43,3.891,12132.59,1.3,32.58,4874.69,5535.13,221.0737638,6.891,3,202307
2,2012-04-06,0,1,75970.97,68.43,3.891,12132.59,1.3,32.58,4874.69,5535.13,221.0737638,6.891,3,202307
2,2012-04-13,0,2,61390.48,68.08,3.891,8994.04,6573.08,20.21,4162.2,1966.38,221.1484028,6.891,3,202307
2,2012-04-13,0,1,56093.13,68.08,3.891,8994.04,6573.08,20.21,4162.2,1966.38,221.1484028,6.891,3,202307
2,2012-04-20,0,2,67363.12,65.69,3.877,7311.02,2236.2,33.53,878.07,4080.32,221.2021074,6.891,3,202307
2,2012-04-20,0,1,22568.57,65.69,3.877,7311.02,2236.2,33.53,878.07,4080.32,221.2021074,6.891,3,202307
2,2012-04-27,0,2,61562.95,67.2,3.814,3076.68,0,38.32,108.71,2708.9,221.255812,6.891,3,202307
2,2012-04-27,0,1,22414.38,67.2,3.814,3076.68,0,38.32,108.71,2708.9,221.255812,6.891,3,202307
2,2012-05-04,0,2,67046.93,76.73,3.749,23731.47,0,78.09,7931.42,4443.52,221.3095166,6.891,3,202307
2,2012-05-04,0,1,22711.04,76.73,3.749,23731.47,0,78.09,7931.42,4443.52,221.3095166,6.891,3,202307
2,2012-05-11,0,2,61750.11,73.87,3.688,16519.5,0,117.38,5131.02,3634.25,221.3632212,6.891,3,202307
2,2012-05-11,0,1,25661.21,73.87,3.688,16519.5,0,117.38,5131.02,3634.25,221.3632212,6.891,3,202307
2,2012-05-18,0,2,63948.19,71.27,3.63,9262.12,0,42.67,3694.8,4612.01,221.380331,6.891,3,202307
2,2012-05-18,0,1,25982.7,71.27,3.63,9262.12,0,42.67,3694.8,4612.01,221.380331,6.891,3,202307
2,2012-05-25,0,1,23561.25,78.19,3.561,10701.32,0,1030.53,3595.04,14920.27,221.3828029,6.891,3,202307
2,2012-05-25,0,2,66419.23,78.19,3.561,10701.32,0,1030.53,3595.04,14920.27,221.3828029,6.891,3,202307
2,2012-06-01,0,2,64912.65,78.38,3.501,13091.33,21,245.37,2993.15,5521.72,221.3852748,6.891,3,202307
2,2012-06-01,0,1,23076.47,78.38,3.501,13091.33,21,245.37,2993.15,5521.72,221.3852748,6.891,3,202307
2,2012-06-08,0,2,70841.55,78.69,3.452,12162.04,463.6,78.39,3610.78,10877.64,221.3877467,6.891,3,202307
2,2012-06-08,0,1,24826.25,78.69,3.452,12162.04,463.6,78.39,3610.78,10877.64,221.3877467,6.891,3,202307
2,2012-06-15,0,1,24016.43,80.56,3.393,8573.41,195,0.19,4455.38,5288.61,221.4009901,6.891,3,202307
2,2012-06-15,0,2,66904.1,80.56,3.393,8573.41,195,0.19,4455.38,5288.61,221.4009901,6.891,3,202307
2,2012-06-22,0,2,68915.17,81.04,3.346,12126.02,314,60.99,6058.6,36430.33,221.4411622,6.891,3,202307
2,2012-06-22,0,1,24155.67,81.04,3.346,12126.02,314,60.99,6058.6,36430.33,221.4411622,6.891,3,202307
2,2012-06-29,0,2,66611.66,86.32,3.286,8495.34,275.8,0,1935.16,5686.13,221.4813343,6.891,3,202307
2,2012-06-29,0,1,23580.74,86.32,3.286,8495.34,275.8,0,1935.16,5686.13,221.4813343,6.891,3,202307
2,2012-07-06,0,1,24052.7,84.2,3.227,12355.5,295.05,100.15,6720.4,5506.53,221.5215064,6.565,3,202307
2,2012-07-06,0,2,70409.25,84.2,3.227,12355.5,295.05,100.15,6720.4,5506.53,221.5215064,6.565,3,202307
2,2012-07-13,0,2,65225.27,80.17,3.256,8354.65,342.25,20.53,5674.44,5012.22,221.5616784,6.565,3,202307
2,2012-07-13,0,1,23148.57,80.17,3.256,8354.65,342.25,20.53,5674.44,5012.22,221.5616784,6.565,3,202307
2,2012-07-20,0,2,65537.3,83.23,3.311,6961.58,241.2,24.97,3401.36,2453.42,221.5701123,6.565,3,202307
2,2012-07-20,0,1,23813.13,83.23,3.311,6961.58,241.2,24.97,3401.36,2453.42,221.5701123,6.565,3,202307
2,2012-07-27,0,2,66605.41,86.37,3.407,6999.14,197.72,2.53,6319.33,5007.01,221.5785461,6.565,3,202307
2,2012-07-27,0,1,23025.51,86.37,3.407,6999.14,197.72,2.53,6319.33,5007.01,221.5785461,6.565,3,202307
2,2012-08-03,0,2,69431.69,90.22,3.417,27650.68,164.58,43.02,21801.9,6652.98,221.5869799,6.565,3,202307
2,2012-08-03,0,1,22851.99,90.22,3.417,27650.68,164.58,43.02,21801.9,6652.98,221.5869799,6.565,3,202307
2,2012-08-10,0,2,67146.39,88.55,3.494,5554.54,142.3,13.43,4187.43,5286.19,221.5954138,6.565,3,202307
2,2012-08-10,0,1,23261.95,88.55,3.494,5554.54,142.3,13.43,4187.43,5286.19,221.5954138,6.565,3,202307
2,2012-08-17,0,2,68857.79,84.79,3.571,4774.16,330.78,10.53,4253.28,4927.26,221.6751459,6.565,3,202307
2,2012-08-17,0,1,24793.54,84.79,3.571,4774.16,330.78,10.53,4253.28,4927.26,221.6751459,6.565,3,202307
2,2012-08-24,0,2,68175.69,76.91,3.62,4759.7,211.38,6.62,2972.88,5102.26,221.8083518,6.565,3,202307
2,2012-08-24,0,1,22839.77,76.91,3.62,4759.7,211.38,6.62,2972.88,5102.26,221.8083518,6.565,3,202307
2,2012-08-31,0,1,25343.45,82.64,3.638,17500.26,73.22,21.38,12878.62,4756.5,221.9415576,6.565,3,202307
2,2012-08-31,0,2,72899.98,82.64,3.638,17500.26,73.22,21.38,12878.62,4756.5,221.9415576,6.565,3,202307
2,2012-09-07,1,1,25270.06,87.65,3.73,10658.86,149.28,60.97,2920.9,3275.57,222.0747635,6.565,3,202307
2,2012-09-07,1,2,66273.96,87.65,3.73,10658.86,149.28,60.97,2920.9,3275.57,222.0747635,6.565,3,202307
2,2012-09-14,0,1,26435.2,75.88,3.717,8325.93,0,37.32,1808.69,9314.55,222.2174395,6.565,3,202307
2,2012-09-14,0,2,63984.36,75.88,3.717,8325.93,0,37.32,1808.69,9314.55,222.2174395,6.565,3,202307
2,2012-09-21,0,1,26303.04,71.09,3.721,6707.94,3.82,15.55,1001.42,7607.94,222.4169362,6.565,3,202307
2,2012-09-21,0,2,66350.75,71.09,3.721,6707.94,3.82,15.55,1001.42,7607.94,222.4169362,6.565,3,202307
2,2012-09-28,0,2,61500.04,79.45,3.666,7106.05,1.91,1.65,1549.1,3946.03,222.6164329,6.565,3,202307
2,2012-09-28,0,1,27159.07,79.45,3.666,7106.05,1.91,1.65,1549.1,3946.03,222.6164329,6.565,3,202307
2,2012-10-05,0,2,67497.08,70.27,3.617,6037.76,0,10.04,3027.37,3853.4,222.8159296,6.17,3,202307
2,2012-10-05,0,1,30789.27,70.27,3.617,6037.76,0,10.04,3027.37,3853.4,222.8159296,6.17,3,202307
2,2012-10-12,0,1,34070,60.97,3.601,2145.5,0,33.31,586.83,10421.01,223.0154263,6.17,3,202307
2,2012-10-12,0,2,59664.89,60.97,3.601,2145.5,0,33.31,586.83,10421.01,223.0154263,6.17,3,202307
2,2012-10-19,0,1,35897.95,68.08,3.594,4461.89,0,1.14,1579.67,2642.29,223.0598077,6.17,3,202307
2,2012-10-19,0,2,64137.69,68.08,3.594,4461.89,0,1.14,1579.67,2642.29,223.0598077,6.17,3,202307
2,2012-10-26,0,2,62475.44,69.79,3.506,6152.59,129.77,200,272.29,2924.15,223.0783366,6.17,3,202307
2,2012-10-26,0,1,41615.24,69.79,3.506,6152.59,129.77,200,272.29,2924.15,223.0783366,6.17,3,202307
