Store_1_Dept_1,2010-02-05,0,42.31,2.572,0,211.0963582,8.106,3,151315
Store_1_Dept_2,2010-02-05,0,42.31,2.572,0,211.0963582,8.106,3,151315
Store_1_Dept_2,2010-02-12,1,38.51,2.548,0,211.2421698,8.106,3,151315
Store_1_Dept_1,2010-02-12,1,38.51,2.548,0,211.2421698,8.106,3,151315
Store_1_Dept_2,2010-02-19,0,39.93,2.514,0,211.2891429,8.106,3,151315
Store_1_Dept_1,2010-02-19,0,39.93,2.514,0,211.2891429,8.106,3,151315
Store_1_Dept_2,2010-02-26,0,46.63,2.561,0,211.3196429,8.106,3,151315
Store_1_Dept_1,2010-02-26,0,46.63,2.561,0,211.3196429,8.106,3,151315
Store_1_Dept_1,2010-03-05,0,46.5,2.625,0,211.3501429,8.106,3,151315
Store_1_Dept_2,2010-03-05,0,46.5,2.625,0,211.3501429,8.106,3,151315
Store_1_Dept_2,2010-03-12,0,57.79,2.667,0,211.3806429,8.106,3,151315
Store_1_Dept_1,2010-03-12,0,57.79,2.667,0,211.3806429,8.106,3,151315
Store_1_Dept_2,2010-03-19,0,54.58,2.72,0,211.215635,8.106,3,151315
Store_1_Dept_1,2010-03-19,0,54.58,2.72,0,211.215635,8.106,3,151315
Store_1_Dept_2,2010-03-26,0,51.45,2.732,0,211.0180424,8.106,3,151315
Store_1_Dept_1,2010-03-26,0,51.45,2.732,0,211.0180424,8.106,3,151315
Store_1_Dept_2,2010-04-02,0,62.27,2.719,0,210.8204499,7.808,3,151315
Store_1_Dept_1,2010-04-02,0,62.27,2.719,0,210.8204499,7.808,3,151315
Store_1_Dept_1,2010-04-09,0,65.86,2.77,0,210.6228574,7.808,3,151315
Store_1_Dept_2,2010-04-09,0,65.86,2.77,0,210.6228574,7.808,3,151315
Store_1_Dept_2,2010-04-16,0,66.32,2.808,0,210.4887,7.808,3,151315
Store_1_Dept_1,2010-04-16,0,66.32,2.808,0,210.4887,7.808,3,151315
Store_1_Dept_2,2010-04-23,0,64.84,2.795,0,210.4391228,7.808,3,151315
Store_1_Dept_1,2010-04-23,0,64.84,2.795,0,210.4391228,7.808,3,151315
Store_1_Dept_1,2010-04-30,0,67.41,2.78,0,210.3895456,7.808,3,151315
Store_1_Dept_2,2010-04-30,0,67.41,2.78,0,210.3895456,7.808,3,151315
Store_1_Dept_1,2010-05-07,0,72.55,2.835,0,210.3399684,7.808,3,151315
Store_1_Dept_2,2010-05-07,0,72.55,2.835,0,210.3399684,7.808,3,151315
Store_1_Dept_2,2010-05-14,0,74.78,2.854,0,210.3374261,7.808,3,151315
Store_1_Dept_1,2010-05-14,0,74.78,2.854,0,210.3374261,7.808,3,151315
Store_1_Dept_1,2010-05-21,0,76.44,2.826,0,210.6170934,7.808,3,151315
Store_1_Dept_2,2010-05-21,0,76.44,2.826,0,210.6170934,7.808,3,151315
Store_1_Dept_1,2010-05-28,0,80.44,2.759,0,210.8967606,7.808,3,151315
Store_1_Dept_2,2010-05-28,0,80.44,2.759,0,210.8967606,7.808,3,151315
Store_1_Dept_1,2010-06-04,0,80.69,2.705,0,211.1764278,7.808,3,151315
Store_1_Dept_2,2010-06-04,0,80.69,2.705,0,211.1764278,7.808,3,151315
Store_1_Dept_1,2010-06-11,0,80.43,2.668,0,211.4560951,7.808,3,151315
Store_1_Dept_2,2010-06-11,0,80.43,2.668,0,211.4560951,7.808,3,151315
Store_1_Dept_1,2010-06-18,0,84.11,2.637,0,211.4537719,7.808,3,151315
Store_1_Dept_2,2010-06-18,0,84.11,2.637,0,211.4537719,7.808,3,151315
Store_1_Dept_1,2010-06-25,0,84.34,2.653,0,211.3386526,7.808,3,151315
Store_1_Dept_2,2010-06-25,0,84.34,2.653,0,211.3386526,7.808,3,151315
Store_1_Dept_2,2010-07-02,0,80.91,2.669,0,211.2235333,7.787,3,151315
Store_1_Dept_1,2010-07-02,0,80.91,2.669,0,211.2235333,7.787,3,151315
Store_1_Dept_2,2010-07-09,0,80.48,2.642,0,211.108414,7.787,3,151315
Store_1_Dept_1,2010-07-09,0,80.48,2.642,0,211.108414,7.787,3,151315
Store_1_Dept_2,2010-07-16,0,83.15,2.623,0,211.1003854,7.787,3,151315
Store_1_Dept_1,2010-07-16,0,83.15,2.623,0,211.1003854,7.787,3,151315
Store_1_Dept_2,2010-07-23,0,83.36,2.608,0,211.2351443,7.787,3,151315
Store_1_Dept_1,2010-07-23,0,83.36,2.608,0,211.2351443,7.787,3,151315
Store_1_Dept_2,2010-07-30,0,81.84,2.64,0,211.3699032,7.787,3,151315
Store_1_Dept_1,2010-07-30,0,81.84,2.64,0,211.3699032,7.787,3,151315
Store_1_Dept_2,2010-08-06,0,87.16,2.627,0,211.5046621,7.787,3,151315
Store_1_Dept_1,2010-08-06,0,87.16,2.627,0,211.5046621,7.787,3,151315
Store_1_Dept_2,2010-08-13,0,87,2.692,0,211.6394211,7.787,3,151315
Store_1_Dept_1,2010-08-13,0,87,2.692,0,211.6394211,7.787,3,151315
Store_1_Dept_2,2010-08-20,0,86.65,2.664,0,211.6033633,7.787,3,151315
Store_1_Dept_1,2010-08-20,0,86.65,2.664,0,211.6033633,7.787,3,151315
Store_1_Dept_2,2010-08-27,0,85.22,2.619,0,211.5673056,7.787,3,151315
Store_1_Dept_1,2010-08-27,0,85.22,2.619,0,211.5673056,7.787,3,151315
Store_1_Dept_1,2010-09-03,0,81.21,2.577,0,211.5312479,7.787,3,151315
Store_1_Dept_2,2010-09-03,0,81.21,2.577,0,211.5312479,7.787,3,151315
Store_1_Dept_2,2010-09-10,1,78.69,2.565,0,211.4951902,7.787,3,151315
Store_1_Dept_1,2010-09-10,1,78.69,2.565,0,211.4951902,7.787,3,151315
Store_1_Dept_2,2010-09-17,0,82.11,2.582,0,211.5224596,7.787,3,151315
Store_1_Dept_1,2010-09-17,0,82.11,2.582,0,211.5224596,7.787,3,151315
Store_1_Dept_1,2010-09-24,0,80.94,2.624,0,211.5972246,7.787,3,151315
Store_1_Dept_2,2010-09-24,0,80.94,2.624,0,211.5972246,7.787,3,151315
Store_1_Dept_1,2010-10-01,0,71.89,2.603,0,211.6719895,7.838,3,151315
Store_1_Dept_2,2010-10-01,0,71.89,2.603,0,211.6719895,7.838,3,151315
Store_1_Dept_1,2010-10-08,0,63.93,2.633,0,211.7467544,7.838,3,151315
Store_1_Dept_2,2010-10-08,0,63.93,2.633,0,211.7467544,7.838,3,151315
Store_1_Dept_1,2010-10-15,0,67.18,2.72,0,211.8137436,7.838,3,151315
Store_1_Dept_2,2010-10-15,0,67.18,2.72,0,211.8137436,7.838,3,151315
Store_1_Dept_1,2010-10-22,0,69.86,2.725,0,211.8612937,7.838,3,151315
Store_1_Dept_2,2010-10-22,0,69.86,2.725,0,211.8612937,7.838,3,151315
Store_1_Dept_1,2010-10-29,0,69.64,2.716,0,211.9088438,7.838,3,151315
Store_1_Dept_2,2010-10-29,0,69.64,2.716,0,211.9088438,7.838,3,151315
Store_1_Dept_1,2010-11-05,0,58.74,2.689,0,211.9563939,7.838,3,151315
Store_1_Dept_2,2010-11-05,0,58.74,2.689,0,211.9563939,7.838,3,151315
Store_1_Dept_1,2010-11-12,0,59.61,2.728,0,212.003944,7.838,3,151315
Store_1_Dept_2,2010-11-12,0,59.61,2.728,0,212.003944,7.838,3,151315
Store_1_Dept_2,2010-11-19,0,51.41,2.771,0,211.8896737,7.838,3,151315
Store_1_Dept_1,2010-11-19,0,51.41,2.771,0,211.8896737,7.838,3,151315
Store_1_Dept_1,2010-11-26,1,64.52,2.735,0,211.7484333,7.838,3,151315
Store_1_Dept_2,2010-11-26,1,64.52,2.735,0,211.7484333,7.838,3,151315
Store_1_Dept_2,2010-12-03,0,49.27,2.708,0,211.607193,7.838,3,151315
Store_1_Dept_1,2010-12-03,0,49.27,2.708,0,211.607193,7.838,3,151315
Store_1_Dept_1,2010-12-10,0,46.33,2.843,0,211.4659526,7.838,3,151315
Store_1_Dept_2,2010-12-10,0,46.33,2.843,0,211.4659526,7.838,3,151315
Store_1_Dept_1,2010-12-17,0,49.84,2.869,0,211.4053124,7.838,3,151315
Store_1_Dept_2,2010-12-17,0,49.84,2.869,0,211.4053124,7.838,3,151315
Store_1_Dept_1,2010-12-24,0,52.33,2.886,0,211.4051222,7.838,3,151315
Store_1_Dept_2,2010-12-24,0,52.33,2.886,0,211.4051222,7.838,3,151315
Store_1_Dept_1,2010-12-31,1,48.43,2.943,0,211.4049321,7.838,3,151315
Store_1_Dept_2,2010-12-31,1,48.43,2.943,0,211.4049321,7.838,3,151315
Store_1_Dept_1,2011-01-07,0,48.27,2.976,0,211.4047419,7.742,3,151315
Store_1_Dept_2,2011-01-07,0,48.27,2.976,0,211.4047419,7.742,3,151315
Store_1_Dept_1,2011-01-14,0,35.4,2.983,0,211.4574109,7.742,3,151315
Store_1_Dept_2,2011-01-14,0,35.4,2.983,0,211.4574109,7.742,3,151315
Store_1_Dept_1,2011-01-21,0,44.04,3.016,0,211.8272343,7.742,3,151315
Store_1_Dept_2,2011-01-21,0,44.04,3.016,0,211.8272343,7.742,3,151315
Store_1_Dept_2,2011-01-28,0,43.83,3.01,0,212.1970577,7.742,3,151315
Store_1_Dept_1,2011-01-28,0,43.83,3.01,0,212.1970577,7.742,3,151315
Store_1_Dept_2,2011-02-04,0,42.27,2.989,0,212.5668812,7.742,3,151315
Store_1_Dept_1,2011-02-04,0,42.27,2.989,0,212.5668812,7.742,3,151315
Store_1_Dept_1,2011-02-11,1,36.39,3.022,0,212.9367046,7.742,3,151315
Store_1_Dept_2,2011-02-11,1,36.39,3.022,0,212.9367046,7.742,3,151315
Store_1_Dept_1,2011-02-18,0,57.36,3.045,0,213.2478853,7.742,3,151315
Store_1_Dept_2,2011-02-18,0,57.36,3.045,0,213.2478853,7.742,3,151315
Store_1_Dept_1,2011-02-25,0,62.9,3.065,0,213.535609,7.742,3,151315
Store_1_Dept_2,2011-02-25,0,62.9,3.065,0,213.535609,7.742,3,151315
Store_1_Dept_1,2011-03-04,0,59.58,3.288,0,213.8233327,7.742,3,151315
Store_1_Dept_2,2011-03-04,0,59.58,3.288,0,213.8233327,7.742,3,151315
Store_1_Dept_1,2011-03-11,0,53.56,3.459,0,214.1110564,7.742,3,151315
Store_1_Dept_2,2011-03-11,0,53.56,3.459,0,214.1110564,7.742,3,151315
Store_1_Dept_1,2011-03-18,0,62.76,3.488,0,214.3627114,7.742,3,151315
Store_1_Dept_2,2011-03-18,0,62.76,3.488,0,214.3627114,7.742,3,151315
Store_1_Dept_1,2011-03-25,0,69.97,3.473,0,214.5999389,7.742,3,151315
Store_1_Dept_2,2011-03-25,0,69.97,3.473,0,214.5999389,7.742,3,151315
Store_1_Dept_1,2011-04-01,0,59.17,3.524,0,214.8371664,7.682,3,151315
Store_1_Dept_2,2011-04-01,0,59.17,3.524,0,214.8371664,7.682,3,151315
Store_1_Dept_1,2011-04-08,0,67.84,3.622,0,215.0743939,7.682,3,151315
Store_1_Dept_2,2011-04-08,0,67.84,3.622,0,215.0743939,7.682,3,151315
Store_1_Dept_1,2011-04-15,0,71.27,3.743,0,215.2918561,7.682,3,151315
Store_1_Dept_2,2011-04-15,0,71.27,3.743,0,215.2918561,7.682,3,151315
Store_1_Dept_2,2011-04-22,0,72.99,3.807,0,215.4599053,7.682,3,151315
Store_1_Dept_1,2011-04-22,0,72.99,3.807,0,215.4599053,7.682,3,151315
Store_1_Dept_2,2011-04-29,0,72.03,3.81,0,215.6279544,7.682,3,151315
Store_1_Dept_1,2011-04-29,0,72.03,3.81,0,215.6279544,7.682,3,151315
Store_1_Dept_2,2011-05-06,0,64.61,3.906,0,215.7960035,7.682,3,151315
Store_1_Dept_1,2011-05-06,0,64.61,3.906,0,215.7960035,7.682,3,151315
Store_1_Dept_1,2011-05-13,0,75.64,3.899,0,215.9640526,7.682,3,151315
Store_1_Dept_2,2011-05-13,0,75.64,3.899,0,215.9640526,7.682,3,151315
Store_1_Dept_1,2011-05-20,0,67.63,3.907,0,215.7339202,7.682,3,151315
Store_1_Dept_2,2011-05-20,0,67.63,3.907,0,215.7339202,7.682,3,151315
Store_1_Dept_1,2011-05-27,0,77.72,3.786,0,215.5037878,7.682,3,151315
Store_1_Dept_2,2011-05-27,0,77.72,3.786,0,215.5037878,7.682,3,151315
Store_1_Dept_1,2011-06-03,0,83,3.699,0,215.2736553,7.682,3,151315
Store_1_Dept_2,2011-06-03,0,83,3.699,0,215.2736553,7.682,3,151315
Store_1_Dept_1,2011-06-10,0,83.13,3.648,0,215.0435229,7.682,3,151315
Store_1_Dept_2,2011-06-10,0,83.13,3.648,0,215.0435229,7.682,3,151315
Store_1_Dept_1,2011-06-17,0,86.41,3.637,0,214.9980596,7.682,3,151315
Store_1_Dept_2,2011-06-17,0,86.41,3.637,0,214.9980596,7.682,3,151315
Store_1_Dept_2,2011-06-24,0,83.58,3.594,0,215.0910982,7.682,3,151315
Store_1_Dept_1,2011-06-24,0,83.58,3.594,0,215.0910982,7.682,3,151315
Store_1_Dept_1,2011-07-01,0,85.55,3.524,0,215.1841368,7.962,3,151315
Store_1_Dept_2,2011-07-01,0,85.55,3.524,0,215.1841368,7.962,3,151315
Store_1_Dept_1,2011-07-08,0,85.83,3.48,0,215.2771754,7.962,3,151315
Store_1_Dept_2,2011-07-08,0,85.83,3.48,0,215.2771754,7.962,3,151315
Store_1_Dept_1,2011-07-15,0,88.54,3.575,0,215.3611087,7.962,3,151315
Store_1_Dept_2,2011-07-15,0,88.54,3.575,0,215.3611087,7.962,3,151315
Store_1_Dept_2,2011-07-22,0,85.77,3.651,0,215.4222784,7.962,3,151315
Store_1_Dept_1,2011-07-22,0,85.77,3.651,0,215.4222784,7.962,3,151315
Store_1_Dept_2,2011-07-29,0,86.83,3.682,0,215.4834482,7.962,3,151315
Store_1_Dept_1,2011-07-29,0,86.83,3.682,0,215.4834482,7.962,3,151315
Store_1_Dept_2,2011-08-05,0,91.65,3.684,0,215.544618,7.962,3,151315
Store_1_Dept_1,2011-08-05,0,91.65,3.684,0,215.544618,7.962,3,151315
Store_1_Dept_1,2011-08-12,0,90.76,3.638,0,215.6057878,7.962,3,151315
Store_1_Dept_2,2011-08-12,0,90.76,3.638,0,215.6057878,7.962,3,151315
Store_1_Dept_1,2011-08-19,0,89.94,3.554,0,215.6693107,7.962,3,151315
Store_1_Dept_2,2011-08-19,0,89.94,3.554,0,215.6693107,7.962,3,151315
Store_1_Dept_1,2011-08-26,0,87.96,3.523,0,215.7332258,7.962,3,151315
Store_1_Dept_2,2011-08-26,0,87.96,3.523,0,215.7332258,7.962,3,151315
Store_1_Dept_2,2011-09-02,0,87.83,3.533,0,215.7971409,7.962,3,151315
Store_1_Dept_1,2011-09-02,0,87.83,3.533,0,215.7971409,7.962,3,151315
Store_1_Dept_2,2011-09-09,1,76,3.546,0,215.861056,7.962,3,151315
Store_1_Dept_1,2011-09-09,1,76,3.546,0,215.861056,7.962,3,151315
Store_1_Dept_2,2011-09-16,0,79.94,3.526,0,216.0410526,7.962,3,151315
Store_1_Dept_1,2011-09-16,0,79.94,3.526,0,216.0410526,7.962,3,151315
Store_1_Dept_1,2011-09-23,0,75.8,3.467,0,216.3758246,7.962,3,151315
Store_1_Dept_2,2011-09-23,0,75.8,3.467,0,216.3758246,7.962,3,151315
Store_1_Dept_1,2011-09-30,0,79.69,3.355,0,216.7105965,7.962,3,151315
Store_1_Dept_2,2011-09-30,0,79.69,3.355,0,216.7105965,7.962,3,151315
Store_1_Dept_1,2011-10-07,0,69.31,3.285,0,217.0453684,7.866,3,151315
Store_1_Dept_2,2011-10-07,0,69.31,3.285,0,217.0453684,7.866,3,151315
Store_1_Dept_2,2011-10-14,0,71.74,3.274,0,217.3552733,7.866,3,151315
Store_1_Dept_1,2011-10-14,0,71.74,3.274,0,217.3552733,7.866,3,151315
Store_1_Dept_2,2011-10-21,0,63.71,3.353,0,217.5159762,7.866,3,151315
Store_1_Dept_1,2011-10-21,0,63.71,3.353,0,217.5159762,7.866,3,151315
Store_1_Dept_2,2011-10-28,0,66.57,3.372,0,217.6766791,7.866,3,151315
Store_1_Dept_1,2011-10-28,0,66.57,3.372,0,217.6766791,7.866,3,151315
Store_1_Dept_1,2011-11-04,0,54.98,3.332,0,217.837382,7.866,3,151315
Store_1_Dept_2,2011-11-04,0,54.98,3.332,0,217.837382,7.866,3,151315
Store_1_Dept_1,2011-11-11,0,59.11,3.297,10382.9,217.9980849,7.866,3,151315
Store_1_Dept_2,2011-11-11,0,59.11,3.297,10382.9,217.9980849,7.866,3,151315
Store_1_Dept_1,2011-11-18,0,62.25,3.308,6074.12,218.2205088,7.866,3,151315
Store_1_Dept_2,2011-11-18,0,62.25,3.308,6074.12,218.2205088,7.866,3,151315
Store_1_Dept_1,2011-11-25,1,60.14,3.236,410.31,218.4676211,7.866,3,151315
Store_1_Dept_2,2011-11-25,1,60.14,3.236,410.31,218.4676211,7.866,3,151315
Store_1_Dept_1,2011-12-02,0,48.91,3.172,5629.51,218.7147333,7.866,3,151315
Store_1_Dept_2,2011-12-02,0,48.91,3.172,5629.51,218.7147333,7.866,3,151315
Store_1_Dept_1,2011-12-09,0,43.93,3.158,4640.65,218.9618456,7.866,3,151315
Store_1_Dept_2,2011-12-09,0,43.93,3.158,4640.65,218.9618456,7.866,3,151315
Store_1_Dept_1,2011-12-16,0,51.63,3.159,5011.32,219.1794533,7.866,3,151315
Store_1_Dept_2,2011-12-16,0,51.63,3.159,5011.32,219.1794533,7.866,3,151315
Store_1_Dept_1,2011-12-23,0,47.96,3.112,2725.36,219.3577216,7.866,3,151315
Store_1_Dept_2,2011-12-23,0,47.96,3.112,2725.36,219.3577216,7.866,3,151315
Store_1_Dept_1,2011-12-30,1,44.55,3.129,5762.1,219.5359898,7.866,3,151315
Store_1_Dept_2,2011-12-30,1,44.55,3.129,5762.1,219.5359898,7.866,3,151315
Store_1_Dept_1,2012-01-06,0,49.01,3.157,6277.39,219.7142581,7.348,3,151315
Store_1_Dept_2,2012-01-06,0,49.01,3.157,6277.39,219.7142581,7.348,3,151315
Store_1_Dept_1,2012-01-13,0,48.53,3.261,5183.29,219.8925263,7.348,3,151315
Store_1_Dept_2,2012-01-13,0,48.53,3.261,5183.29,219.8925263,7.348,3,151315
Store_1_Dept_1,2012-01-20,0,54.11,3.268,4139.87,219.9856893,7.348,3,151315
Store_1_Dept_2,2012-01-20,0,54.11,3.268,4139.87,219.9856893,7.348,3,151315
Store_1_Dept_1,2012-01-27,0,54.26,3.29,1164.46,220.0788523,7.348,3,151315
Store_1_Dept_2,2012-01-27,0,54.26,3.29,1164.46,220.0788523,7.348,3,151315
Store_1_Dept_1,2012-02-03,0,56.55,3.36,34577.06,220.1720153,7.348,3,151315
Store_1_Dept_2,2012-02-03,0,56.55,3.36,34577.06,220.1720153,7.348,3,151315
Store_1_Dept_2,2012-02-10,1,48.02,3.409,13925.06,220.2651783,7.348,3,151315
Store_1_Dept_1,2012-02-10,1,48.02,3.409,13925.06,220.2651783,7.348,3,151315
Store_1_Dept_1,2012-02-17,0,45.32,3.51,9873.33,220.4257586,7.348,3,151315
Store_1_Dept_2,2012-02-17,0,45.32,3.51,9873.33,220.4257586,7.348,3,151315
Store_1_Dept_1,2012-02-24,0,57.25,3.555,9349.61,220.636902,7.348,3,151315
Store_1_Dept_2,2012-02-24,0,57.25,3.555,9349.61,220.636902,7.348,3,151315
Store_1_Dept_1,2012-03-02,0,60.96,3.63,15441.4,220.8480454,7.348,3,151315
Store_1_Dept_2,2012-03-02,0,60.96,3.63,15441.4,220.8480454,7.348,3,151315
Store_1_Dept_1,2012-03-09,0,58.76,3.669,10331.04,221.0591887,7.348,3,151315
Store_1_Dept_2,2012-03-09,0,58.76,3.669,10331.04,221.0591887,7.348,3,151315
Store_1_Dept_1,2012-03-16,0,64.74,3.734,4298.16,221.2118132,7.348,3,151315
Store_1_Dept_2,2012-03-16,0,64.74,3.734,4298.16,221.2118132,7.348,3,151315
Store_1_Dept_2,2012-03-23,0,65.93,3.787,6118.56,221.2864126,7.348,3,151315
Store_1_Dept_1,2012-03-23,0,65.93,3.787,6118.56,221.2864126,7.348,3,151315
Store_1_Dept_2,2012-03-30,0,67.61,3.845,10309.58,221.3610119,7.348,3,151315
Store_1_Dept_1,2012-03-30,0,67.61,3.845,10309.58,221.3610119,7.348,3,151315
Store_1_Dept_1,2012-04-06,0,70.43,3.891,10121.97,221.4356112,7.143,3,151315
Store_1_Dept_2,2012-04-06,0,70.43,3.891,10121.97,221.4356112,7.143,3,151315
Store_1_Dept_1,2012-04-13,0,69.07,3.891,6186.19,221.5102105,7.143,3,151315
Store_1_Dept_2,2012-04-13,0,69.07,3.891,6186.19,221.5102105,7.143,3,151315
Store_1_Dept_1,2012-04-20,0,66.76,3.877,2230.8,221.5640737,7.143,3,151315
Store_1_Dept_2,2012-04-20,0,66.76,3.877,2230.8,221.5640737,7.143,3,151315
Store_1_Dept_1,2012-04-27,0,67.23,3.814,3221.25,221.6179368,7.143,3,151315
Store_1_Dept_2,2012-04-27,0,67.23,3.814,3221.25,221.6179368,7.143,3,151315
Store_1_Dept_1,2012-05-04,0,75.55,3.749,21290.13,221.6718,7.143,3,151315
Store_1_Dept_2,2012-05-04,0,75.55,3.749,21290.13,221.6718,7.143,3,151315
Store_1_Dept_1,2012-05-11,0,73.77,3.688,8351.4,221.7256632,7.143,3,151315
Store_1_Dept_2,2012-05-11,0,73.77,3.688,8351.4,221.7256632,7.143,3,151315
Store_1_Dept_1,2012-05-18,0,70.33,3.63,6154.14,221.742674,7.143,3,151315
Store_1_Dept_2,2012-05-18,0,70.33,3.63,6154.14,221.742674,7.143,3,151315
Store_1_Dept_1,2012-05-25,0,77.22,3.561,4039.39,221.744944,7.143,3,151315
Store_1_Dept_2,2012-05-25,0,77.22,3.561,4039.39,221.744944,7.143,3,151315
Store_1_Dept_2,2012-06-01,0,77.95,3.501,6086.21,221.7472139,7.143,3,151315
Store_1_Dept_1,2012-06-01,0,77.95,3.501,6086.21,221.7472139,7.143,3,151315
Store_1_Dept_2,2012-06-08,0,78.3,3.452,8813.81,221.7494839,7.143,3,151315
Store_1_Dept_1,2012-06-08,0,78.3,3.452,8813.81,221.7494839,7.143,3,151315
Store_1_Dept_2,2012-06-15,0,79.35,3.393,5621.99,221.7626421,7.143,3,151315
Store_1_Dept_1,2012-06-15,0,79.35,3.393,5621.99,221.7626421,7.143,3,151315
Store_1_Dept_2,2012-06-22,0,78.39,3.346,8624.56,221.8030211,7.143,3,151315
Store_1_Dept_1,2012-06-22,0,78.39,3.346,8624.56,221.8030211,7.143,3,151315
Store_1_Dept_2,2012-06-29,0,84.88,3.286,3965.73,221.8434,7.143,3,151315
Store_1_Dept_1,2012-06-29,0,84.88,3.286,3965.73,221.8434,7.143,3,151315
Store_1_Dept_2,2012-07-06,0,81.57,3.227,12218.76,221.8837789,6.908,3,151315
Store_1_Dept_1,2012-07-06,0,81.57,3.227,12218.76,221.8837789,6.908,3,151315
Store_1_Dept_2,2012-07-13,0,77.12,3.256,7218.13,221.9241579,6.908,3,151315
Store_1_Dept_1,2012-07-13,0,77.12,3.256,7218.13,221.9241579,6.908,3,151315
Store_1_Dept_2,2012-07-20,0,80.42,3.311,3213,221.9327267,6.908,3,151315
Store_1_Dept_1,2012-07-20,0,80.42,3.311,3213,221.9327267,6.908,3,151315
Store_1_Dept_1,2012-07-27,0,82.66,3.407,7146.9,221.9412954,6.908,3,151315
Store_1_Dept_2,2012-07-27,0,82.66,3.407,7146.9,221.9412954,6.908,3,151315
Store_1_Dept_1,2012-08-03,0,86.11,3.417,27584.78,221.9498642,6.908,3,151315
Store_1_Dept_2,2012-08-03,0,86.11,3.417,27584.78,221.9498642,6.908,3,151315
Store_1_Dept_1,2012-08-10,0,85.05,3.494,11436.22,221.9584329,6.908,3,151315
Store_1_Dept_2,2012-08-10,0,85.05,3.494,11436.22,221.9584329,6.908,3,151315
Store_1_Dept_1,2012-08-17,0,84.85,3.571,3662.06,222.0384109,6.908,3,151315
Store_1_Dept_2,2012-08-17,0,84.85,3.571,3662.06,222.0384109,6.908,3,151315
Store_1_Dept_1,2012-08-24,0,77.66,3.62,6237.83,222.1719457,6.908,3,151315
Store_1_Dept_2,2012-08-24,0,77.66,3.62,6237.83,222.1719457,6.908,3,151315
Store_1_Dept_2,2012-08-31,0,80.49,3.638,21442.73,222.3054805,6.908,3,151315
Store_1_Dept_1,2012-08-31,0,80.49,3.638,21442.73,222.3054805,6.908,3,151315
Store_1_Dept_1,2012-09-07,1,83.96,3.73,5204.68,222.4390153,6.908,3,151315
Store_1_Dept_2,2012-09-07,1,83.96,3.73,5204.68,222.4390153,6.908,3,151315
Store_1_Dept_1,2012-09-14,0,74.97,3.717,17212.52,222.5820193,6.908,3,151315
Store_1_Dept_2,2012-09-14,0,74.97,3.717,17212.52,222.5820193,6.908,3,151315
Store_1_Dept_1,2012-09-21,0,69.87,3.721,6352.3,222.7818386,6.908,3,151315
Store_1_Dept_2,2012-09-21,0,69.87,3.721,6352.3,222.7818386,6.908,3,151315
Store_1_Dept_2,2012-09-28,0,76.08,3.666,3666.27,222.9816579,6.908,3,151315
Store_1_Dept_1,2012-09-28,0,76.08,3.666,3666.27,222.9816579,6.908,3,151315
Store_1_Dept_2,2012-10-05,0,68.55,3.617,8077.89,223.1814772,6.573,3,151315
Store_1_Dept_1,2012-10-05,0,68.55,3.617,8077.89,223.1814772,6.573,3,151315
Store_1_Dept_2,2012-10-12,0,62.99,3.601,2086.18,223.3812965,6.573,3,151315
Store_1_Dept_1,2012-10-12,0,62.99,3.601,2086.18,223.3812965,6.573,3,151315
Store_1_Dept_2,2012-10-19,0,67.97,3.594,950.33,223.4257233,6.573,3,151315
Store_1_Dept_1,2012-10-19,0,67.97,3.594,950.33,223.4257233,6.573,3,151315
Store_1_Dept_1,2012-10-26,0,69.16,3.506,2585.85,223.4442513,6.573,3,151315
Store_1_Dept_2,2012-10-26,0,69.16,3.506,2585.85,223.4442513,6.573,3,151315
Store_2_Dept_1,2010-02-05,0,40.19,2.572,0,210.7526053,8.324,3,202307
Store_2_Dept_2,2010-02-05,0,40.19,2.572,0,210.7526053,8.324,3,202307
Store_2_Dept_2,2010-02-12,1,38.49,2.548,0,210.8979935,8.324,3,202307
Store_2_Dept_1,2010-02-12,1,38.49,2.548,0,210.8979935,8.324,3,202307
Store_2_Dept_2,2010-02-19,0,39.69,2.514,0,210.9451605,8.324,3,202307
Store_2_Dept_1,2010-02-19,0,39.69,2.514,0,210.9451605,8.324,3,202307
Store_2_Dept_2,2010-02-26,0,46.1,2.561,0,210.9759573,8.324,3,202307
Store_2_Dept_1,2010-02-26,0,46.1,2.561,0,210.9759573,8.324,3,202307
Store_2_Dept_2,2010-03-05,0,47.17,2.625,0,211.0067542,8.324,3,202307
Store_2_Dept_1,2010-03-05,0,47.17,2.625,0,211.0067542,8.324,3,202307
Store_2_Dept_2,2010-03-12,0,57.56,2.667,0,211.037551,8.324,3,202307
Store_2_Dept_1,2010-03-12,0,57.56,2.667,0,211.037551,8.324,3,202307
Store_2_Dept_2,2010-03-19,0,54.52,2.72,0,210.8733316,8.324,3,202307
Store_2_Dept_1,2010-03-19,0,54.52,2.72,0,210.8733316,8.324,3,202307
Store_2_Dept_1,2010-03-26,0,51.26,2.732,0,210.6766095,8.324,3,202307
Store_2_Dept_2,2010-03-26,0,51.26,2.732,0,210.6766095,8.324,3,202307
Store_2_Dept_1,2010-04-02,0,63.27,2.719,0,210.4798874,8.2,3,202307
Store_2_Dept_2,2010-04-02,0,63.27,2.719,0,210.4798874,8.2,3,202307
Store_2_Dept_2,2010-04-09,0,65.41,2.77,0,210.2831653,8.2,3,202307
Store_2_Dept_1,2010-04-09,0,65.41,2.77,0,210.2831653,8.2,3,202307
Store_2_Dept_2,2010-04-16,0,68.07,2.808,0,210.1495463,8.2,3,202307
Store_2_Dept_1,2010-04-16,0,68.07,2.808,0,210.1495463,8.2,3,202307
Store_2_Dept_2,2010-04-23,0,65.11,2.795,0,210.1000648,8.2,3,202307
Store_2_Dept_1,2010-04-23,0,65.11,2.795,0,210.1000648,8.2,3,202307
Store_2_Dept_2,2010-04-30,0,66.98,2.78,0,210.0505833,8.2,3,202307
Store_2_Dept_1,2010-04-30,0,66.98,2.78,0,210.0505833,8.2,3,202307
Store_2_Dept_2,2010-05-07,0,71.28,2.835,0,210.0011018,8.2,3,202307
Store_2_Dept_1,2010-05-07,0,71.28,2.835,0,210.0011018,8.2,3,202307
Store_2_Dept_2,2010-05-14,0,73.31,2.854,0,209.9984585,8.2,3,202307
Store_2_Dept_1,2010-05-14,0,73.31,2.854,0,209.9984585,8.2,3,202307
Store_2_Dept_2,2010-05-21,0,74.83,2.826,0,210.2768443,8.2,3,202307
Store_2_Dept_1,2010-05-21,0,74.83,2.826,0,210.2768443,8.2,3,202307
Store_2_Dept_2,2010-05-28,0,81.13,2.759,0,210.5552301,8.2,3,202307
Store_2_Dept_1,2010-05-28,0,81.13,2.759,0,210.5552301,8.2,3,202307
Store_2_Dept_2,2010-06-04,0,81.81,2.705,0,210.833616,8.2,3,202307
Store_2_Dept_1,2010-06-04,0,81.81,2.705,0,210.833616,8.2,3,202307
Store_2_Dept_2,2010-06-11,0,83.4,2.668,0,211.1120018,8.2,3,202307
Store_2_Dept_1,2010-06-11,0,83.4,2.668,0,211.1120018,8.2,3,202307
Store_2_Dept_1,2010-06-18,0,85.81,2.637,0,211.1096543,8.2,3,202307
Store_2_Dept_2,2010-06-18,0,85.81,2.637,0,211.1096543,8.2,3,202307
Store_2_Dept_1,2010-06-25,0,86.26,2.653,0,210.9950134,8.2,3,202307
Store_2_Dept_2,2010-06-25,0,86.26,2.653,0,210.9950134,8.2,3,202307
Store_2_Dept_1,2010-07-02,0,82.74,2.669,0,210.8803726,8.099,3,202307
Store_2_Dept_2,2010-07-02,0,82.74,2.669,0,210.8803726,8.099,3,202307
Store_2_Dept_2,2010-07-09,0,82.59,2.642,0,210.7657317,8.099,3,202307
Store_2_Dept_1,2010-07-09,0,82.59,2.642,0,210.7657317,8.099,3,202307
Store_2_Dept_1,2010-07-16,0,85.32,2.623,0,210.7577954,8.099,3,202307
Store_2_Dept_2,2010-07-16,0,85.32,2.623,0,210.7577954,8.099,3,202307
Store_2_Dept_2,2010-07-23,0,87.66,2.608,0,210.8921319,8.099,3,202307
Store_2_Dept_1,2010-07-23,0,87.66,2.608,0,210.8921319,8.099,3,202307
Store_2_Dept_2,2010-07-30,0,83.49,2.64,0,211.0264684,8.099,3,202307
Store_2_Dept_1,2010-07-30,0,83.49,2.64,0,211.0264684,8.099,3,202307
Store_2_Dept_2,2010-08-06,0,89.53,2.627,0,211.1608049,8.099,3,202307
Store_2_Dept_1,2010-08-06,0,89.53,2.627,0,211.1608049,8.099,3,202307
Store_2_Dept_1,2010-08-13,0,89.05,2.692,0,211.2951413,8.099,3,202307
Store_2_Dept_2,2010-08-13,0,89.05,2.692,0,211.2951413,8.099,3,202307
Store_2_Dept_2,2010-08-20,0,88.7,2.664,0,211.2596586,8.099,3,202307
Store_2_Dept_1,2010-08-20,0,88.7,2.664,0,211.2596586,8.099,3,202307
Store_2_Dept_1,2010-08-27,0,87.12,2.619,0,211.2241759,8.099,3,202307
Store_2_Dept_2,2010-08-27,0,87.12,2.619,0,211.2241759,8.099,3,202307
Store_2_Dept_1,2010-09-03,0,81.83,2.577,0,211.1886931,8.099,3,202307
Store_2_Dept_2,2010-09-03,0,81.83,2.577,0,211.1886931,8.099,3,202307
Store_2_Dept_2,2010-09-10,1,79.09,2.565,0,211.1532104,8.099,3,202307
Store_2_Dept_1,2010-09-10,1,79.09,2.565,0,211.1532104,8.099,3,202307
Store_2_Dept_2,2010-09-17,0,82.05,2.582,0,211.1806415,8.099,3,202307
Store_2_Dept_1,2010-09-17,0,82.05,2.582,0,211.1806415,8.099,3,202307
Store_2_Dept_2,2010-09-24,0,81.79,2.624,0,211.2552578,8.099,3,202307
Store_2_Dept_1,2010-09-24,0,81.79,2.624,0,211.2552578,8.099,3,202307
Store_2_Dept_2,2010-10-01,0,69.24,2.603,0,211.3298742,8.163,3,202307
Store_2_Dept_1,2010-10-01,0,69.24,2.603,0,211.3298742,8.163,3,202307
Store_2_Dept_2,2010-10-08,0,63.19,2.633,0,211.4044906,8.163,3,202307
Store_2_Dept_1,2010-10-08,0,63.19,2.633,0,211.4044906,8.163,3,202307
Store_2_Dept_2,2010-10-15,0,65.8,2.72,0,211.4713286,8.163,3,202307
Store_2_Dept_1,2010-10-15,0,65.8,2.72,0,211.4713286,8.163,3,202307
Store_2_Dept_2,2010-10-22,0,68.5,2.725,0,211.5187208,8.163,3,202307
Store_2_Dept_1,2010-10-22,0,68.5,2.725,0,211.5187208,8.163,3,202307
Store_2_Dept_2,2010-10-29,0,66.24,2.716,0,211.5661131,8.163,3,202307
Store_2_Dept_1,2010-10-29,0,66.24,2.716,0,211.5661131,8.163,3,202307
Store_2_Dept_1,2010-11-05,0,57.85,2.689,0,211.6135053,8.163,3,202307
Store_2_Dept_2,2010-11-05,0,57.85,2.689,0,211.6135053,8.163,3,202307
Store_2_Dept_1,2010-11-12,0,59.69,2.728,0,211.6608975,8.163,3,202307
Store_2_Dept_2,2010-11-12,0,59.69,2.728,0,211.6608975,8.163,3,202307
Store_2_Dept_1,2010-11-19,0,50.81,2.771,0,211.5470304,8.163,3,202307
Store_2_Dept_2,2010-11-19,0,50.81,2.771,0,211.5470304,8.163,3,202307
Store_2_Dept_2,2010-11-26,1,62.98,2.735,0,211.4062867,8.163,3,202307
Store_2_Dept_1,2010-11-26,1,62.98,2.735,0,211.4062867,8.163,3,202307
Store_2_Dept_1,2010-12-03,0,49.33,2.708,0,211.265543,8.163,3,202307
Store_2_Dept_2,2010-12-03,0,49.33,2.708,0,211.265543,8.163,3,202307
Store_2_Dept_2,2010-12-10,0,45.5,2.843,0,211.1247993,8.163,3,202307
Store_2_Dept_1,2010-12-10,0,45.5,2.843,0,211.1247993,8.163,3,202307
Store_2_Dept_2,2010-12-17,0,47.55,2.869,0,211.0645458,8.163,3,202307
Store_2_Dept_1,2010-12-17,0,47.55,2.869,0,211.0645458,8.163,3,202307
Store_2_Dept_2,2010-12-24,0,49.97,2.886,0,211.0646599,8.163,3,202307
Store_2_Dept_1,2010-12-24,0,49.97,2.886,0,211.0646599,8.163,3,202307
Store_2_Dept_2,2010-12-31,1,47.3,2.943,0,211.064774,8.163,3,202307
Store_2_Dept_1,2010-12-31,1,47.3,2.943,0,211.064774,8.163,3,202307
Store_2_Dept_2,2011-01-07,0,44.69,2.976,0,211.0648881,8.028,3,202307
Store_2_Dept_1,2011-01-07,0,44.69,2.976,0,211.0648881,8.028,3,202307
Store_2_Dept_2,2011-01-14,0,33.02,2.983,0,211.1176713,8.028,3,202307
Store_2_Dept_1,2011-01-14,0,33.02,2.983,0,211.1176713,8.028,3,202307
Store_2_Dept_2,2011-01-21,0,41.4,3.016,0,211.4864691,8.028,3,202307
Store_2_Dept_1,2011-01-21,0,41.4,3.016,0,211.4864691,8.028,3,202307
Store_2_Dept_1,2011-01-28,0,42.83,3.01,0,211.8552668,8.028,3,202307
Store_2_Dept_2,2011-01-28,0,42.83,3.01,0,211.8552668,8.028,3,202307
Store_2_Dept_2,2011-02-04,0,38.25,2.989,0,212.2240646,8.028,3,202307
Store_2_Dept_1,2011-02-04,0,38.25,2.989,0,212.2240646,8.028,3,202307
Store_2_Dept_1,2011-02-11,1,33.19,3.022,0,212.5928624,8.028,3,202307
Store_2_Dept_2,2011-02-11,1,33.19,3.022,0,212.5928624,8.028,3,202307
Store_2_Dept_1,2011-02-18,0,57.83,3.045,0,212.9033115,8.028,3,202307
Store_2_Dept_2,2011-02-18,0,57.83,3.045,0,212.9033115,8.028,3,202307
Store_2_Dept_1,2011-02-25,0,60.8,3.065,0,213.190421,8.028,3,202307
Store_2_Dept_2,2011-02-25,0,60.8,3.065,0,213.190421,8.028,3,202307
Store_2_Dept_1,2011-03-04,0,57.77,3.288,0,213.4775305,8.028,3,202307
Store_2_Dept_2,2011-03-04,0,57.77,3.288,0,213.4775305,8.028,3,202307
Store_2_Dept_1,2011-03-11,0,52.7,3.459,0,213.7646401,8.028,3,202307
Store_2_Dept_2,2011-03-11,0,52.7,3.459,0,213.7646401,8.028,3,202307
Store_2_Dept_2,2011-03-18,0,62.32,3.488,0,214.0156238,8.028,3,202307
Store_2_Dept_1,2011-03-18,0,62.32,3.488,0,214.0156238,8.028,3,202307
Store_2_Dept_1,2011-03-25,0,69.42,3.473,0,214.2521573,8.028,3,202307
Store_2_Dept_2,2011-03-25,0,69.42,3.473,0,214.2521573,8.028,3,202307
Store_2_Dept_1,2011-04-01,0,55.43,3.524,0,214.4886908,7.931,3,202307
Store_2_Dept_2,2011-04-01,0,55.43,3.524,0,214.4886908,7.931,3,202307
Store_2_Dept_2,2011-04-08,0,67,3.622,0,214.7252242,7.931,3,202307
Store_2_Dept_1,2011-04-08,0,67,3.622,0,214.7252242,7.931,3,202307
Store_2_Dept_2,2011-04-15,0,69.48,3.743,0,214.9420631,7.931,3,202307
Store_2_Dept_1,2011-04-15,0,69.48,3.743,0,214.9420631,7.931,3,202307
Store_2_Dept_2,2011-04-22,0,69.39,3.807,0,215.1096657,7.931,3,202307
Store_2_Dept_1,2011-04-22,0,69.39,3.807,0,215.1096657,7.931,3,202307
Store_2_Dept_2,2011-04-29,0,69.21,3.81,0,215.2772683,7.931,3,202307
Store_2_Dept_1,2011-04-29,0,69.21,3.81,0,215.2772683,7.931,3,202307
Store_2_Dept_1,2011-05-06,0,61.48,3.906,0,215.4448709,7.931,3,202307
Store_2_Dept_2,2011-05-06,0,61.48,3.906,0,215.4448709,7.931,3,202307
Store_2_Dept_1,2011-05-13,0,74.61,3.899,0,215.6124735,7.931,3,202307
Store_2_Dept_2,2011-05-13,0,74.61,3.899,0,215.6124735,7.931,3,202307
Store_2_Dept_1,2011-05-20,0,67.14,3.907,0,215.3834778,7.931,3,202307
Store_2_Dept_2,2011-05-20,0,67.14,3.907,0,215.3834778,7.931,3,202307
Store_2_Dept_1,2011-05-27,0,76.42,3.786,0,215.1544822,7.931,3,202307
Store_2_Dept_2,2011-05-27,0,76.42,3.786,0,215.1544822,7.931,3,202307
Store_2_Dept_1,2011-06-03,0,83.07,3.699,0,214.9254865,7.931,3,202307
Store_2_Dept_2,2011-06-03,0,83.07,3.699,0,214.9254865,7.931,3,202307
Store_2_Dept_2,2011-06-10,0,83.4,3.648,0,214.6964908,7.931,3,202307
Store_2_Dept_1,2011-06-10,0,83.4,3.648,0,214.6964908,7.931,3,202307
Store_2_Dept_1,2011-06-17,0,86.53,3.637,0,214.6513538,7.931,3,202307
Store_2_Dept_2,2011-06-17,0,86.53,3.637,0,214.6513538,7.931,3,202307
Store_2_Dept_1,2011-06-24,0,85.17,3.594,0,214.7441108,7.931,3,202307
Store_2_Dept_2,2011-06-24,0,85.17,3.594,0,214.7441108,7.931,3,202307
Store_2_Dept_1,2011-07-01,0,85.69,3.524,0,214.8368678,7.852,3,202307
Store_2_Dept_2,2011-07-01,0,85.69,3.524,0,214.8368678,7.852,3,202307
Store_2_Dept_1,2011-07-08,0,87.7,3.48,0,214.9296249,7.852,3,202307
Store_2_Dept_2,2011-07-08,0,87.7,3.48,0,214.9296249,7.852,3,202307
Store_2_Dept_1,2011-07-15,0,89.83,3.575,0,215.0134426,7.852,3,202307
Store_2_Dept_2,2011-07-15,0,89.83,3.575,0,215.0134426,7.852,3,202307
Store_2_Dept_1,2011-07-22,0,89.34,3.651,0,215.0749122,7.852,3,202307
Store_2_Dept_2,2011-07-22,0,89.34,3.651,0,215.0749122,7.852,3,202307
Store_2_Dept_1,2011-07-29,0,90.07,3.682,0,215.1363819,7.852,3,202307
Store_2_Dept_2,2011-07-29,0,90.07,3.682,0,215.1363819,7.852,3,202307
Store_2_Dept_2,2011-08-05,0,93.34,3.684,0,215.1978515,7.852,3,202307
Store_2_Dept_1,2011-08-05,0,93.34,3.684,0,215.1978515,7.852,3,202307
Store_2_Dept_2,2011-08-12,0,91.58,3.638,0,215.2593211,7.852,3,202307
Store_2_Dept_1,2011-08-12,0,91.58,3.638,0,215.2593211,7.852,3,202307
Store_2_Dept_2,2011-08-19,0,89.86,3.554,0,215.3229307,7.852,3,202307
Store_2_Dept_1,2011-08-19,0,89.86,3.554,0,215.3229307,7.852,3,202307
Store_2_Dept_1,2011-08-26,0,90.45,3.523,0,215.386897,7.852,3,202307
Store_2_Dept_2,2011-08-26,0,90.45,3.523,0,215.386897,7.852,3,202307
Store_2_Dept_1,2011-09-02,0,89.64,3.533,0,215.4508632,7.852,3,202307
Store_2_Dept_2,2011-09-02,0,89.64,3.533,0,215.4508632,7.852,3,202307
Store_2_Dept_1,2011-09-09,1,77.97,3.546,0,215.5148295,7.852,3,202307
Store_2_Dept_2,2011-09-09,1,77.97,3.546,0,215.5148295,7.852,3,202307
Store_2_Dept_1,2011-09-16,0,78.85,3.526,0,215.6944378,7.852,3,202307
Store_2_Dept_2,2011-09-16,0,78.85,3.526,0,215.6944378,7.852,3,202307
Store_2_Dept_2,2011-09-23,0,75.58,3.467,0,216.0282356,7.852,3,202307
Store_2_Dept_1,2011-09-23,0,75.58,3.467,0,216.0282356,7.852,3,202307
Store_2_Dept_2,2011-09-30,0,78.14,3.355,0,216.3620333,7.852,3,202307
Store_2_Dept_1,2011-09-30,0,78.14,3.355,0,216.3620333,7.852,3,202307
Store_2_Dept_2,2011-10-07,0,69.92,3.285,0,216.6958311,7.441,3,202307
Store_2_Dept_1,2011-10-07,0,69.92,3.285,0,216.6958311,7.441,3,202307
Store_2_Dept_1,2011-10-14,0,71.67,3.274,0,217.0048261,7.441,3,202307
Store_2_Dept_2,2011-10-14,0,71.67,3.274,0,217.0048261,7.441,3,202307
Store_2_Dept_2,2011-10-21,0,64.53,3.353,0,217.1650042,7.441,3,202307
Store_2_Dept_1,2011-10-21,0,64.53,3.353,0,217.1650042,7.441,3,202307
Store_2_Dept_2,2011-10-28,0,65.87,3.372,0,217.3251824,7.441,3,202307
Store_2_Dept_1,2011-10-28,0,65.87,3.372,0,217.3251824,7.441,3,202307
Store_2_Dept_1,2011-11-04,0,55.53,3.332,0,217.4853605,7.441,3,202307
Store_2_Dept_2,2011-11-04,0,55.53,3.332,0,217.4853605,7.441,3,202307
Store_2_Dept_2,2011-11-11,0,59.33,3.297,10797.64,217.6455387,7.441,3,202307
Store_2_Dept_1,2011-11-11,0,59.33,3.297,10797.64,217.6455387,7.441,3,202307
Store_2_Dept_1,2011-11-18,0,62.01,3.308,6490.92,217.8670218,7.441,3,202307
Store_2_Dept_2,2011-11-18,0,62.01,3.308,6490.92,217.8670218,7.441,3,202307
Store_2_Dept_2,2011-11-25,1,56.36,3.236,919.71,218.1130269,7.441,3,202307
Store_2_Dept_1,2011-11-25,1,56.36,3.236,919.71,218.1130269,7.441,3,202307
Store_2_Dept_2,2011-12-02,0,48.74,3.172,8010.99,218.3590319,7.441,3,202307
Store_2_Dept_1,2011-12-02,0,48.74,3.172,8010.99,218.3590319,7.441,3,202307
Store_2_Dept_2,2011-12-09,0,41.76,3.158,11472.59,218.605037,7.441,3,202307
Store_2_Dept_1,2011-12-09,0,41.76,3.158,11472.59,218.605037,7.441,3,202307
Store_2_Dept_1,2011-12-16,0,50.13,3.159,4908.83,218.8217928,7.441,3,202307
Store_2_Dept_2,2011-12-16,0,50.13,3.159,4908.83,218.8217928,7.441,3,202307
Store_2_Dept_1,2011-12-23,0,46.66,3.112,2971.04,218.9995495,7.441,3,202307
Store_2_Dept_2,2011-12-23,0,46.66,3.112,2971.04,218.9995495,7.441,3,202307
Store_2_Dept_1,2011-12-30,1,44.57,3.129,8321.44,219.1773063,7.441,3,202307
Store_2_Dept_2,2011-12-30,1,44.57,3.129,8321.44,219.1773063,7.441,3,202307
Store_2_Dept_1,2012-01-06,0,46.75,3.157,5886.72,219.355063,7.057,3,202307
Store_2_Dept_2,2012-01-06,0,46.75,3.157,5886.72,219.355063,7.057,3,202307
Store_2_Dept_1,2012-01-13,0,45.99,3.261,4414.72,219.5328198,7.057,3,202307
Store_2_Dept_2,2012-01-13,0,45.99,3.261,4414.72,219.5328198,7.057,3,202307
Store_2_Dept_1,2012-01-20,0,51.7,3.268,6552.26,219.6258417,7.057,3,202307
Store_2_Dept_2,2012-01-20,0,51.7,3.268,6552.26,219.6258417,7.057,3,202307
Store_2_Dept_2,2012-01-27,0,50.5,3.29,1920.15,219.7188636,7.057,3,202307
Store_2_Dept_1,2012-01-27,0,50.5,3.29,1920.15,219.7188636,7.057,3,202307
Store_2_Dept_1,2012-02-03,0,55.21,3.36,75149.79,219.8118854,7.057,3,202307
Store_2_Dept_2,2012-02-03,0,55.21,3.36,75149.79,219.8118854,7.057,3,202307
Store_2_Dept_1,2012-02-10,1,46.98,3.409,13510.89,219.9049073,7.057,3,202307
Store_2_Dept_2,2012-02-10,1,46.98,3.409,13510.89,219.9049073,7.057,3,202307
Store_2_Dept_1,2012-02-17,0,43.82,3.51,13942.54,220.0651993,7.057,3,202307
Store_2_Dept_2,2012-02-17,0,43.82,3.51,13942.54,220.0651993,7.057,3,202307
Store_2_Dept_1,2012-02-24,0,54.63,3.555,13048.36,220.275944,7.057,3,202307
Store_2_Dept_2,2012-02-24,0,54.63,3.555,13048.36,220.275944,7.057,3,202307
Store_2_Dept_1,2012-03-02,0,58.79,3.63,23901.27,220.4866886,7.057,3,202307
Store_2_Dept_2,2012-03-02,0,58.79,3.63,23901.27,220.4866886,7.057,3,202307
Store_2_Dept_1,2012-03-09,0,57.11,3.669,11784.91,220.6974332,7.057,3,202307
Store_2_Dept_2,2012-03-09,0,57.11,3.669,11784.91,220.6974332,7.057,3,202307
Store_2_Dept_1,2012-03-16,0,63.68,3.734,5965.99,220.8498468,7.057,3,202307
Store_2_Dept_2,2012-03-16,0,63.68,3.734,5965.99,220.8498468,7.057,3,202307
Store_2_Dept_1,2012-03-23,0,64.01,3.787,6008.98,220.9244858,7.057,3,202307
Store_2_Dept_2,2012-03-23,0,64.01,3.787,6008.98,220.9244858,7.057,3,202307
Store_2_Dept_2,2012-03-30,0,66.83,3.845,14369.3,220.9991248,7.057,3,202307
Store_2_Dept_1,2012-03-30,0,66.83,3.845,14369.3,220.9991248,7.057,3,202307
Store_2_Dept_2,2012-04-06,0,68.43,3.891,12132.59,221.0737638,6.891,3,202307
Store_2_Dept_1,2012-04-06,0,68.43,3.891,12132.59,221.0737638,6.891,3,202307
Store_2_Dept_2,2012-04-13,0,68.08,3.891,8994.04,221.1484028,6.891,3,202307
Store_2_Dept_1,2012-04-13,0,68.08,3.891,8994.04,221.1484028,6.891,3,202307
Store_2_Dept_2,2012-04-20,0,65.69,3.877,7311.02,221.2021074,6.891,3,202307
Store_2_Dept_1,2012-04-20,0,65.69,3.877,7311.02,221.2021074,6.891,3,202307
Store_2_Dept_2,2012-04-27,0,67.2,3.814,3076.68,221.255812,6.891,3,202307
Store_2_Dept_1,2012-04-27,0,67.2,3.814,3076.68,221.255812,6.891,3,202307
Store_2_Dept_2,2012-05-04,0,76.73,3.749,23731.47,221.3095166,6.891,3,202307
Store_2_Dept_1,2012-05-04,0,76.73,3.749,23731.47,221.3095166,6.891,3,202307
Store_2_Dept_2,2012-05-11,0,73.87,3.688,16519.5,221.3632212,6.891,3,202307
Store_2_Dept_1,2012-05-11,0,73.87,3.688,16519.5,221.3632212,6.891,3,202307
Store_2_Dept_2,2012-05-18,0,71.27,3.63,9262.12,221.380331,6.891,3,202307
Store_2_Dept_1,2012-05-18,0,71.27,3.63,9262.12,221.380331,6.891,3,202307
Store_2_Dept_1,2012-05-25,0,78.19,3.561,10701.32,221.3828029,6.891,3,202307
Store_2_Dept_2,2012-05-25,0,78.19,3.561,10701.32,221.3828029,6.891,3,202307
Store_2_Dept_2,2012-06-01,0,78.38,3.501,13091.33,221.3852748,6.891,3,202307
Store_2_Dept_1,2012-06-01,0,78.38,3.501,13091.33,221.3852748,6.891,3,202307
Store_2_Dept_2,2012-06-08,0,78.69,3.452,12162.04,221.3877467,6.891,3,202307
Store_2_Dept_1,2012-06-08,0,78.69,3.452,12162.04,221.3877467,6.891,3,202307
Store_2_Dept_1,2012-06-15,0,80.56,3.393,8573.41,221.4009901,6.891,3,202307
Store_2_Dept_2,2012-06-15,0,80.56,3.393,8573.41,221.4009901,6.891,3,202307
Store_2_Dept_2,2012-06-22,0,81.04,3.346,12126.02,221.4411622,6.891,3,202307
Store_2_Dept_1,2012-06-22,0,81.04,3.346,12126.02,221.4411622,6.891,3,202307
Store_2_Dept_2,2012-06-29,0,86.32,3.286,8495.34,221.4813343,6.891,3,202307
Store_2_Dept_1,2012-06-29,0,86.32,3.286,8495.34,221.4813343,6.891,3,202307
Store_2_Dept_1,2012-07-06,0,84.2,3.227,12355.5,221.5215064,6.565,3,202307
Store_2_Dept_2,2012-07-06,0,84.2,3.227,12355.5,221.5215064,6.565,3,202307
Store_2_Dept_2,2012-07-13,0,80.17,3.256,8354.65,221.5616784,6.565,3,202307
Store_2_Dept_1,2012-07-13,0,80.17,3.256,8354.65,221.5616784,6.565,3,202307
Store_2_Dept_2,2012-07-20,0,83.23,3.311,6961.58,221.5701123,6.565,3,202307
Store_2_Dept_1,2012-07-20,0,83.23,3.311,6961.58,221.5701123,6.565,3,202307
Store_2_Dept_2,2012-07-27,0,86.37,3.407,6999.14,221.5785461,6.565,3,202307
Store_2_Dept_1,2012-07-27,0,86.37,3.407,6999.14,221.5785461,6.565,3,202307
Store_2_Dept_2,2012-08-03,0,90.22,3.417,27650.68,221.5869799,6.565,3,202307
Store_2_Dept_1,2012-08-03,0,90.22,3.417,27650.68,221.5869799,6.565,3,202307
Store_2_Dept_2,2012-08-10,0,88.55,3.494,5554.54,221.5954138,6.565,3,202307
Store_2_Dept_1,2012-08-10,0,88.55,3.494,5554.54,221.5954138,6.565,3,202307
Store_2_Dept_2,2012-08-17,0,84.79,3.571,4774.16,221.6751459,6.565,3,202307
Store_2_Dept_1,2012-08-17,0,84.79,3.571,4774.16,221.6751459,6.565,3,202307
Store_2_Dept_2,2012-08-24,0,76.91,3.62,4759.7,221.8083518,6.565,3,202307
Store_2_Dept_1,2012-08-24,0,76.91,3.62,4759.7,221.8083518,6.565,3,202307
Store_2_Dept_1,2012-08-31,0,82.64,3.638,17500.26,221.9415576,6.565,3,202307
Store_2_Dept_2,2012-08-31,0,82.64,3.638,17500.26,221.9415576,6.565,3,202307
Store_2_Dept_1,2012-09-07,1,87.65,3.73,10658.86,222.0747635,6.565,3,202307
Store_2_Dept_2,2012-09-07,1,87.65,3.73,10658.86,222.0747635,6.565,3,202307
Store_2_Dept_1,2012-09-14,0,75.88,3.717,8325.93,222.2174395,6.565,3,202307
Store_2_Dept_2,2012-09-14,0,75.88,3.717,8325.93,222.2174395,6.565,3,202307
Store_2_Dept_1,2012-09-21,0,71.09,3.721,6707.94,222.4169362,6.565,3,202307
Store_2_Dept_2,2012-09-21,0,71.09,3.721,6707.94,222.4169362,6.565,3,202307
Store_2_Dept_2,2012-09-28,0,79.45,3.666,7106.05,222.6164329,6.565,3,202307
Store_2_Dept_1,2012-09-28,0,79.45,3.666,7106.05,222.6164329,6.565,3,202307
Store_2_Dept_2,2012-10-05,0,70.27,3.617,6037.76,222.8159296,6.17,3,202307
Store_2_Dept_1,2012-10-05,0,70.27,3.617,6037.76,222.8159296,6.17,3,202307
Store_2_Dept_1,2012-10-12,0,60.97,3.601,2145.5,223.0154263,6.17,3,202307
Store_2_Dept_2,2012-10-12,0,60.97,3.601,2145.5,223.0154263,6.17,3,202307
Store_2_Dept_1,2012-10-19,0,68.08,3.594,4461.89,223.0598077,6.17,3,202307
Store_2_Dept_2,2012-10-19,0,68.08,3.594,4461.89,223.0598077,6.17,3,202307
Store_2_Dept_2,2012-10-26,0,69.79,3.506,6152.59,223.0783366,6.17,3,202307
Store_2_Dept_1,2012-10-26,0,69.79,3.506,6152.59,223.0783366,6.17,3,202307
